assign,alpha,alpha_t,alpha_p,beta,beta_t,beta_p,R^2
1,0.010516358860615485,0.8968821089950841,0.37399613123995323,1.5557329633068064,4.672985775628543,2.2042445813442067e-05,0.2998044565479001
15,0.010782692387344027,1.1140145239649963,0.270495658224465,1.5536761970517525,5.653450469259507,7.121869053602692e-07,0.38525703317298066
251,0.01328427252339683,1.7593062411588694,0.08452341038614279,1.5308861133792113,7.140621160517681,3.2636083857588305e-09,0.4999434767385762
35,0.012094175076714475,1.6828776887173875,0.09851185915451509,1.504018025054367,7.370870560641887,1.4137818709957248e-09,0.5158062340639018
29,0.008723804087833936,1.5589722924191696,0.12518745116910399,1.496130707155031,9.416542509280655,9.613922364218588e-13,0.634856911038487
9,0.011416471280324768,1.541684508969678,0.12933284829464137,1.4804812781536112,7.04135080873221,4.68256006638614e-09,0.4929440742596941
8,0.007952256130613107,1.1624228546126758,0.2504745140884179,1.4732210191522228,7.58457288474864,6.513597691605511e-10,0.5300654273016508
10,0.010301837479776912,1.225511673801478,0.22601193965028332,1.4719695516386844,6.167242519684277,1.1209369435072102e-07,0.4271907837680712
71,0.007692992412009138,1.1484518223770264,0.25614029938692395,1.4702351143610626,7.730253040127076,3.844755257732673e-10,0.5395317087101725
24,0.009232939396431543,1.3409771952723537,0.18586996834348685,1.4402433661605563,7.3672724853575495,1.4323696209430257e-09,0.5155623407313523
216,0.010091212474525482,2.3866552547347175,0.020749871782509276,1.424511754099295,11.865931028113051,2.7580981996703584e-16,0.7340984612418234
250,0.011110015981516714,1.3033865403646991,0.19829634299103677,1.4208312749070524,5.8707082513231175,3.2676582093494166e-07,0.4032659980095592
53,0.007330580626297056,1.232050802591789,0.22358038234912805,1.4141881738405575,8.37118393284419,3.836927304526719e-11,0.5787794729183912
12,0.011645644578268223,1.5574738588108907,0.12554248447231522,1.4125179129186725,6.653354145336091,1.9206857711488017e-08,0.46466315703162364
69,0.007256314348695965,1.1383597464209638,0.2602896542094362,1.3929198841522152,7.696247436732525,4.347830908453543e-10,0.5373403722764861
48,0.007846422077920837,1.353525872162281,0.18185642185746317,1.3870766316966259,8.42722894388414,3.140956789538446e-11,0.5820295238540387
4,0.00878502851836061,1.1045441120320354,0.2745411963084058,1.3752122039022943,6.0897441799932945,1.4834697477287358e-07,0.42101368949470275
213,0.012449554097215336,3.280498565625057,0.0018724065843819455,1.3616776291111239,12.637169193634408,2.4735636930541856e-17,0.7579474458594018
59,0.006416514064913697,1.1088174498015033,0.272710487661821,1.3609454087580446,8.28306459615634,5.2585364130966636e-11,0.5736112486535123
49,0.007193719677364745,1.176401951582193,0.24489619833157064,1.3591850794463496,7.828350576390699,2.697480326816807e-10,0.5457908413766788
19,0.005102458653621967,0.7838993610481763,0.43672486068800775,1.359184976192387,7.354426698238249,1.5007525495580835e-09,0.5146905643151656
5,0.00710038230968933,0.9420025195199688,0.3506322943406017,1.3547213492141854,6.330088007830234,6.214172230505191e-08,0.43999130278658194
249,0.006881746503760884,1.1593559364016146,0.2517104846900308,1.3541921345920944,8.035036395914583,1.2807456080193963e-10,0.5586777322773144
16,0.006373037665345569,0.9240290112905387,0.3598226619814785,1.3364429498098143,6.824628067128686,1.0301378501574944e-08,0.47732807130218236
51,0.004562290107939181,0.7902116465818061,0.4330632415036435,1.3329477307539477,8.131358148456698,9.059540008437511e-11,0.5645454077952408
180,0.005524317032522216,1.13312624944032,0.26246016677767264,1.3300237905649548,9.608344315294312,4.946602364418255e-13,0.6441536408612273
97,0.0038324127881182372,0.5507081772178112,0.5842381472576688,1.3283369164001468,6.722749499692883,1.492276598698894e-08,0.4698289027976197
2,0.006433505919038448,0.7370318387052599,0.46448027468105657,1.3268083791791745,5.353480090859717,2.0696489035280277e-06,0.35977704440528224
81,0.0055174968698751955,1.0429894805800959,0.30187207280453354,1.3265039305133879,8.8315273047302,7.471815149925819e-12,0.6046385189901513
56,0.004823944478638747,0.9274902612986046,0.3580408166851372,1.3158164660700302,8.91028953567624,5.658174083081127e-12,0.6088754882522129
117,0.004697134692819049,0.9632367326490496,0.33997389186602833,1.3148592109327832,9.496612491557645,7.281353735956504e-13,0.6387734842165438
45,0.009468321911710835,1.2922390232565468,0.20209911434564734,1.3120170277083592,6.3066503005133265,6.765376859738545e-08,0.4381641107571559
3,0.003155718486865946,0.3609741666314516,0.7196097648234467,1.3116032215300606,5.284084879458706,2.6443058174314994e-06,0.35378869202700813
28,0.0034599346019441165,0.6052888241348607,0.547671235289197,1.3036207328889624,8.032217615622539,1.293799480468636e-10,0.558504704977378
60,0.00393629749138531,0.579223078991957,0.5649884419195306,1.2984651446764204,6.729420745335527,1.456501444558478e-08,0.47032304987745854
205,0.011955348201517993,2.9515576656378837,0.00476802611052818,1.2973873138221985,11.281013841934529,1.8074489491627236e-15,0.7139030869951093
87,0.0017411780616103094,0.35452883792678325,0.72440438749874,1.295349687841563,9.289339757225113,1.497074186703669e-12,0.6285285232261013
7,0.0023946435761775754,0.29799302651856857,0.7669191289250391,1.291632651301387,5.6610068047500715,6.932044103688583e-07,0.38588990328908346
105,0.005934354464026397,0.9795500395977108,0.33193227267464553,1.2889395013380303,7.493334477550711,9.066105364903489e-10,0.5240320048160056
39,0.004448018151068011,0.7219069960389094,0.4736487141138116,1.2820602075576122,7.328457315837314,1.649156072899284e-09,0.5129232289538228
50,0.003258405700889041,0.5464102007803388,0.587166654537375,1.2813771027428262,7.567981170035883,6.917089297454289e-10,0.5289742659643306
32,0.005318288827998268,1.156571440570062,0.25283642665382056,1.2789375584809572,9.795786882068104,2.594070047412203e-13,0.6529607498723612
18,0.004963892649625351,0.7657323250817023,0.4473650943584422,1.2743327949586405,6.923519220012806,7.188580504758894e-09,0.48451064869587
78,0.0072275870319778454,1.462192800304995,0.14982357933694196,1.2740127798407217,9.077673070811857,3.139937181979819e-12,0.6177030428280262
212,0.008157001735843182,2.080883579773388,0.04248507812052074,1.272036130577669,11.42894433855371,1.1188632630376067e-15,0.7191951098610645
150,0.002291028747403202,0.423617620138487,0.6736260044546382,1.2713624473528171,8.279465462245788,5.326735097738402e-11,0.5733986392425897
33,0.005328597603404285,1.1237012284982113,0.26640144461394705,1.2709173733578962,9.439406502406435,8.879885650453283e-13,0.6359805272624726
13,0.0031103507625725333,0.499987746320446,0.6192342606442315,1.2684274773433064,7.181333171417123,2.814612794928571e-09,0.5027860851304387
21,0.0018275613113395582,0.2523895931265801,0.8017543824758007,1.2673561297995313,6.1643544069419525,1.1327115446003429e-07,0.426961561376627
141,0.0019139634681823552,0.385426797552421,0.7015241798546208,1.2624347244452503,8.953784471356665,4.854048902308864e-12,0.6111923433295683
85,0.004151217372245973,0.8241550743097069,0.4136892699347957,1.2622589174442485,8.826150962638136,7.61513769446717e-12,0.6043473408538911
55,0.002238219557140975,0.38182038523954376,0.704180924859875,1.2609654462790065,7.576158523901612,6.715184431894712e-10,0.5295123871016982
134,0.004876992589636477,1.10861960410485,0.27279505496844386,1.2595065918496897,10.083709955066903,9.700297096961549e-14,0.6659706771831311
103,0.004927606094852615,0.8691680874673658,0.3888273820554644,1.2567314167619665,7.807279056867901,2.910714001628182e-10,0.5444541565174867
183,0.0010054554174374346,0.20748186274467426,0.836459826204744,1.2565471114852793,9.132412885370385,2.5914398798575427e-12,0.6205384391497146
224,0.004110335269088654,0.9803190346835077,0.3315563463831962,1.2561338827325457,10.551532967299794,2.0034442309085497e-14,0.6858345534499031
27,-0.0002114852811177589,-0.03179670147037225,0.9747582905961631,1.254354813458404,6.642197201849854,2.0002082106977845e-08,0.46382829938334225
75,0.0027901279221799287,0.5096271261120822,0.6125110166496218,1.2505392426224555,8.044798815384487,1.236550015754018e-10,0.5592764071396139
132,0.0037558726432995394,0.8691564702604966,0.3888336753897803,1.2396561608737253,10.103638409265852,9.065096825634637e-14,0.6668485044659183
184,0.00552578986056262,1.2614890244578463,0.21287226758883887,1.232966540632444,9.913564678454005,1.732719113362391e-13,0.6583573013544256
34,0.0017715623849034934,0.3107830459829737,0.7572322300430276,1.2314890828405287,7.608882484188226,5.964663725442017e-10,0.5316593360172324
42,0.002950376662747736,0.4619865607081014,0.6460557239708411,1.2314012304915793,6.791112159263584,1.1637226930360215e-08,0.47487213948836804
38,0.0010656563978053656,0.19060900988389187,0.8495886655671985,1.229816300904642,7.747398872552866,3.61369722449279e-10,0.5406323697456163
179,0.007377619874321794,1.5861901108852672,0.1188777621387553,1.2272545231792702,9.293152128859115,1.477297228791016e-12,0.628720105758359
227,0.009578807263744259,2.1887546497978456,0.033218577726006726,1.227059583858261,9.87508268561981,1.9765748841899872e-13,0.6566055644282359
100,0.0043280247626746385,0.9798657276315066,0.3317779130270694,1.2268633254316992,9.782783834968898,2.7125173188606586e-13,0.6523585146713482
119,0.0018876727732064927,0.48246824807819116,0.6315377594162309,1.2256356215244195,11.032980281541379,4.064605317141501e-15,0.7047357842546499
109,0.00048562111910561924,0.10363411784544589,0.9178661738838658,1.2250770137037428,9.207845482996763,1.990020406857534e-12,0.6244046217791367
104,0.004363093106482556,0.7198834813697653,0.4748830630491365,1.2206941394186077,7.0935564487361855,3.872783831969756e-09,0.4966370573055985
200,0.006414440196531517,1.4122572553134938,0.1639473604533766,1.2140154409692259,9.413881055687046,9.703252530749065e-13,0.6347258447983558
126,0.002641730731349962,0.7175054483660117,0.4763359902606211,1.21333074645526,11.606607546024751,6.312946473346169e-16,0.7253832150697054
62,0.0022629656040423205,0.37921622581962644,0.7061016535653675,1.2120409655594115,7.153452527700006,3.1148518331853335e-09,0.5008411466095154
243,0.007542232951173809,2.1475645353870334,0.03652311044065789,1.211598833137581,12.150511755213097,1.122774278070635e-16,0.7432475824786902
107,0.002936747325903311,0.6129057291760309,0.5426623005946638,1.210520780517864,8.897926013508979,5.910359537947425e-12,0.6082139477413157
80,0.003748972068193195,0.5912982415057866,0.5569324644355897,1.2095632820376192,6.719120341850697,1.512105626249124e-08,0.4695599055980767
148,0.006801484780135359,2.1350687751995667,0.037581052020836066,1.208390173769917,13.359947937294303,2.766557044263286e-18,0.7777663599916597
70,0.002340749030913438,0.38852120858379063,0.6992476016092997,1.2080800079156808,7.062281400048283,4.3393148228122924e-09,0.49442789440309065
22,0.00394407240402989,0.6001857096966898,0.5510402020247973,1.2067009806251578,6.467402340698736,3.775301463741684e-08,0.4505926184881842
77,0.005490774450956732,1.100681947431328,0.27620317714750564,1.202011312508027,8.486453508976009,2.542893366191333e-11,0.5854329028422693
197,0.006269729931235124,1.2810741902745812,0.20596238885346543,1.1987476794460972,8.626659750902899,1.5440661846490285e-11,0.5933638850436954
219,0.002842881156582064,0.7501933242593595,0.4565853902565772,1.1984101139413514,11.138056021423331,2.8807453845186203e-15,0.7086651417331562
154,0.0019870249258661663,0.4977723765020268,0.6207841043860676,1.1983372828523053,10.572945424210976,1.865094019409803e-14,0.6867075061794643
139,0.00039319143074057947,0.060653875961858394,0.9518719320853216,1.198210058675486,6.509938978932836,3.234808253865278e-08,0.4538404443921441
46,0.0021713399758775133,0.3534948703730267,0.7251745897481696,1.1968317106447304,6.8624282628235544,8.977797787491674e-09,0.4800848100383468
129,0.0025079108457714107,0.5905063353579388,0.5574590166510044,1.196356674738071,9.921163042271104,1.6882844176761853e-13,0.6587018751106063
65,0.005244027291230822,0.9604089211288351,0.34138082924921986,1.196292876191285,7.71646162882811,4.041330049758445e-10,0.5386443274503097
47,-0.0025275879757984624,-0.48133717852048974,0.6323357547824829,1.1948541384168374,8.013965369618061,1.3816241281851058e-10,0.5573824990988584
116,0.0026724997317344483,0.5372765151766036,0.5934131935247802,1.1927176317102086,8.445148074683225,2.946413574847226e-11,0.5830626169919072
61,0.001230366273301339,0.1712197140906447,0.8647285438575298,1.1924068556710954,5.84431016071693,3.592980879532245e-07,0.40109888669468063
168,0.0034836340213993044,0.7481586442293103,0.4578007907017153,1.191182895991873,9.010088686702575,3.981477283381951e-12,0.6141674625399579
175,0.002521857557937667,0.6009110351320182,0.5505607185402805,1.1906980986115556,9.992651214489001,1.3226282384524443e-13,0.6619227093234358
111,0.00015631970774982614,0.028594757752281062,0.977299397504491,1.1903420494182981,7.668914657859123,4.799713020278225e-10,0.5355709489840256
94,0.0036931836964643945,0.6516658532258256,0.5175427910437018,1.1885436769230666,7.386328918583444,1.3366353487252706e-09,0.5168526297597256
192,0.0008050471396907056,0.21908579475635745,0.827457662789981,1.1881195819648147,11.38787008217798,1.277875512299434e-15,0.7177386091958347
106,-0.0007152305565898202,-0.16047274408763035,0.8731426342751981,1.1880846185020393,9.388409713477976,1.0601708953406637e-12,0.6334685921499676
58,0.003930182003819444,0.5356522185539628,0.5945273256021648,1.18370684938936,5.68203426000695,6.429804209511147e-07,0.38764860826678194
25,-0.00014152433569520565,-0.02144232132961173,0.982976487561128,1.1810110826917193,6.30208258570134,6.87834212411064e-08,0.4378074175506057
88,0.0003282496531718721,0.06865205955360935,0.9455350436577173,1.180211368703239,8.69357750920814,1.2176330266555698e-11,0.5970873043329756
86,0.0022089560728230672,0.3675702033066735,0.7147147652117314,1.1797608689686547,6.914115786003812,7.438765676356596e-09,0.4838317747510993
41,0.0005697709819823312,0.09446780061119867,0.9251077422763412,1.1786129233043938,6.882466686392323,8.34656973782009e-09,0.48154054431121196
230,0.0032427522757898005,1.093983851678938,0.2791022488322362,1.1784352956498747,14.002072512029404,4.176300651473646e-19,0.7935707694107612
82,0.00021610808564676216,0.03521013983592489,0.9720496297236968,1.1775151248322715,6.756980567040765,1.317568319560403e-08,0.47235986309620903
76,-0.0004982799822526268,-0.09357474967684107,0.9258136216099752,1.1760219391581224,7.778396897276869,3.2307651164272336e-10,0.5426150831426062
186,0.0029719295349762754,0.6388591102414322,0.5257735059797388,1.1755450909454803,8.900108857953908,5.86502557823872e-12,0.6083308419540545
36,0.0001191526728142026,0.024941877766909818,0.980198661858742,1.1739485142748964,8.654935791410676,1.396559109113871e-11,0.594942060743838
187,0.0036110541747926142,1.1225909004481531,0.26686849941104446,1.1721502100960868,12.83394652514525,1.3534324632219466e-17,0.7635716627109981
127,0.006119696395463305,1.1063401310931673,0.2737707270171854,1.1706501931657767,7.453759441635686,1.0465313688874564e-09,0.5213897931106025
191,0.0015033120816456348,0.30907329085512286,0.7585249308156133,1.1703749729036501,8.47474807428077,2.6512398941666467e-11,0.5847627635098941
245,0.004417016832136344,1.1639153133836864,0.24987463259562515,1.1657493380819899,10.818995682785927,8.229436271609949e-15,0.6965200987704198
118,0.003408396710812717,0.8015116603393921,0.42655421297574825,1.1654708707667143,9.652739207108082,4.243836610935763e-13,0.646264139886354
90,-0.0035986136423761727,-0.7288982299051656,0.46939805416939606,1.1644573118404684,8.307009130916468,4.8266391999957765e-11,0.5750226679407446
115,0.0026417526478029756,0.6078118801728063,0.5460094501260047,1.163616201257399,9.429230113893148,9.19934140970866e-13,0.6354809428515131
248,0.001714351538006839,0.41635595276251197,0.6788966141445847,1.1626654692394618,9.945099056648791,1.5556891651317717e-13,0.659784519414329
185,0.0016198155379253247,0.36331732886298734,0.7178695066671773,1.1615668793296194,9.17601709944874,2.224420938441045e-12,0.622779083589067
30,0.000722877347951633,0.14146460732369315,0.8880602465171185,1.159336926761671,7.990653406324611,1.5025647047693538e-10,0.5559446287840366
17,0.002030860676409523,0.3281176480712113,0.7441660462732289,1.1585050001839705,6.592297742058865,2.398077456252059e-08,0.4600797212488341
83,0.0010141172358211787,0.1789080616435394,0.8587187467076514,1.1577265957134433,7.193449493139014,2.6933398931982424e-09,0.5036289377416477
14,0.0034737700692092748,0.4693425659722872,0.6408252131274221,1.1576784901735997,5.508917653795815,1.1924814840826922e-06,0.37306521252881
176,0.0019583682531897546,0.5732978248670919,0.5689624878037761,1.1567489941186442,11.92654102419948,2.2756205348689844e-16,0.7360827382256352
181,0.0008839380631229766,0.21032727344255686,0.8342503064465527,1.1559124101850444,9.686973798821382,3.771428422793074e-13,0.6478811523316564
136,-0.0005290210591972855,-0.11400079963259975,0.9096847723490182,1.1553798094427201,8.768981479355293,9.321667003318987e-12,0.601235501226815
43,-0.000529937189495156,-0.09008789094203948,0.9285702516313369,1.1548203908960637,6.914263197796894,7.434777264642192e-09,0.4838424237038219
210,0.0021194929965591158,0.5999670305352837,0.5511848035054672,1.1534339565697411,11.499463378857467,8.910720054533676e-16,0.7216729325391656
37,0.0019408945823997349,0.35049702084118123,0.7274093036066586,1.1521444450934937,7.327886861546407,1.6525759928840055e-09,0.5128843328727678
166,0.002094499014710259,0.5309683771054838,0.5977455487849208,1.151488787227706,10.281054267948656,4.9708058988044825e-14,0.6745374921200562
84,0.0017067807448643332,0.32848845877389266,0.7438873539102917,1.1492647280380925,7.790259074436371,3.095248166383633e-10,0.5433713765626738
138,0.0005626717428575908,0.11983176417673295,0.9050872376705429,1.1485418266907932,8.614956822928582,1.609617626889817e-11,0.5927086252822297
167,-0.0009036521434095912,-0.26852723690298974,0.7893767623459922,1.1461788007958333,11.995790536386599,1.8278392538395565e-16,0.7383259921210297
123,-0.0011278418863697685,-0.25846411342723025,0.7970890049967888,1.1456776339620085,9.24706497186747,1.7351232908865944e-12,0.6263960989738104
144,0.002538660688122611,0.5998113404525518,0.5512877651978041,1.1435728005089034,9.516193712798438,6.803674118374975e-13,0.6397235012136384
247,0.00045227396204851355,0.11408458203557459,0.9096186900798913,1.1431490808642852,10.15588287389159,7.592089351491914e-14,0.6691361585792164
31,0.0032252464410464027,0.5231830201046578,0.60311274785497,1.1416253114327575,6.522344998825667,3.092240348352321e-08,0.45478444138112784
11,-0.00020287240854563395,-0.03206875267237182,0.9745423987765204,1.1411056129198167,6.352934337403208,5.7199963833788456e-08,0.441767449951997
161,0.003142654438910534,0.6483731383231516,0.5196523976523876,1.1401843044440887,8.285007101881193,5.222094198135431e-11,0.5737259474163066
44,0.0005935572040319626,0.09585058410722473,0.9240148917870152,1.1372328396117015,6.468014988877736,3.766910780894664e-08,0.4506395185397978
113,0.0013722972872462016,0.31826113317124705,0.7515865037871894,1.137050280204442,9.287621571142642,1.5060744905296987e-12,0.6284421405563325
99,0.00044898005719133844,0.08814316801753509,0.9301080903798726,1.1345834193369932,7.844901219004501,2.541051896851759e-10,0.5468377611350923
194,0.0013303588096754675,0.3623266466340875,0.7186050995152566,1.1279252082744635,10.819351481862334,8.219750465219553e-15,0.6965340014558672
133,-0.0006854812226826852,-0.15330117912763389,0.8787657377313889,1.1276491508103588,8.882053235381797,6.2508052544216905e-12,0.6073627028046457
108,0.002022719554509419,0.35763695707167337,0.7220908817129835,1.1276171642389892,7.021951703184086,5.024910093599284e-09,0.49156499204636905
178,0.0016898857211077273,0.4308589033279732,0.6683865679010342,1.12654741125745,10.116182400904046,8.686985833290869e-14,0.6673995753287136
68,0.0010638125123619176,0.184259656480864,0.8545404809713051,1.124876206849293,6.862136234543846,8.987341384189264e-09,0.48006356604954925
239,0.0032639323622968798,1.1547678534106194,0.25356765263390285,1.1243659578966343,14.010404211790057,4.076467323201026e-19,0.7937655955635803
131,0.000873960740138428,0.15822290125270133,0.8749060021973332,1.1238894914130322,7.166225540197143,2.9735154330828753e-09,0.5017331308979168
121,0.0013941832075614182,0.37613202930098616,0.7083789342537616,1.120916840939347,10.65082639305486,1.4383909657229827e-14,0.6898566765980886
137,-0.0003587177456729416,-0.05956477979585261,0.9527350647919045,1.1203572202751442,6.5521320028109225,2.775014920635036e-08,0.45704498588579356
221,0.004901941351811932,1.7272242948005925,0.09017992182188907,1.1195243419356726,13.893242306453045,5.733101381317188e-19,0.7910026062927191
26,-0.0007213507322713316,-0.0986618669266321,0.9217935178520575,1.117002886936916,5.380796776083013,1.878980968579461e-06,0.36212504071755014
182,0.00010245129801463455,0.027142019060644357,0.9784523908895049,1.1136592381151647,10.391217904958685,3.429437079891447e-14,0.6791997042542423
79,0.0008706011340544334,0.1452061296784176,0.8851204888034591,1.113242163937877,6.53950400755813,2.9053284863307825e-08,0.4560876796225696
124,0.0009613985099334451,0.23693625318945008,0.8136553978942604,1.112159912858115,9.653498889101494,4.2327314396166854e-13,0.6463001208934138
57,-0.0021702315106199785,-0.4032651486071628,0.6884388979070231,1.1058692381885553,7.237321162476119,2.2963837547176243e-09,0.5066687627152113
164,7.800872822755626e-05,0.018237126994337324,0.9855208462314908,1.1041113372046212,9.091081183220014,2.9956125298925967e-12,0.6183998810431864
156,-0.004090403391640151,-1.012271711558978,0.316186738103592,1.1020087900386868,9.605178969447286,5.000984546074809e-13,0.6440025746327134
190,0.001726046551292504,0.36932801805517324,0.7134122958762742,1.0964040631153735,8.262658992800999,5.657162736738104e-11,0.5724042573507268
223,-0.0003729731922397731,-0.0877967938488822,0.9303820228644202,1.094956625386962,9.07794185816464,3.1369762017988138e-12,0.617717026956757
146,-0.0022866980390429973,-0.44091272496773926,0.6611396558807074,1.0910791386814116,7.409510330719237,1.2287817882389867e-09,0.5184174328455209
20,-0.0014910167711913544,-0.2067037364654322,0.8370642894152505,1.0894344021275837,5.3193225553583074,2.335153650409834e-06,0.35683364368551207
198,-0.00043271874236363217,-0.09830932549130408,0.9220720492602337,1.0892158475654645,8.715501936349424,1.1265714858580713e-11,0.5982985944925328
232,-0.0014448058238302449,-0.3048949744520117,0.7616869648912522,1.0887301041958257,8.091899050685095,1.0439229430420545e-10,0.5621521963082905
122,-0.0014690357901899682,-0.35335386755842574,0.7252796449262242,1.0876660535654128,9.214302988957053,1.945591316384241e-12,0.6247333939707722
114,-0.00071059781214026,-0.14520075542757463,0.8851247102577267,1.0844262752036615,7.804309492603859,2.942095871524199e-10,0.5442654383534724
149,-0.00028316441460130357,-0.07203939562942047,0.9428523331776761,1.0841526092310607,9.714294100982505,3.4327758300459795e-13,0.6491650710535963
140,-0.004266561424998623,-0.927710596520395,0.3579275823519975,1.0827656932344232,8.291983777776906,5.0932907318013583e-11,0.5741376108144158
206,0.002093608095694135,0.40419899910099505,0.687756469238499,1.0822618427018533,7.359047965620463,1.4757828808903398e-09,0.5150043713868193
145,-0.0010469216220592007,-0.26236769948823285,0.7940948803696992,1.080865141165207,9.540192780882222,6.261105934680095e-13,0.640883709050241
67,-0.0038412897951802067,-0.7812690734423826,0.4382560374657498,1.0802491428440941,7.738146240137618,3.736598972424345e-10,0.5400387569433623
177,-0.0026355636946176412,-0.49128617653675405,0.6253317209097289,1.0790848816763394,7.084448997232945,4.0032026414461174e-09,0.49599472738911166
196,-0.002218122561615703,-0.5435365851034376,0.5891285424881978,1.0782663158995198,9.305907314851202,1.4130241857711264e-12,0.629360225257937
151,0.0003318240197313531,0.08453409067493173,0.9329627671570992,1.0781253131551067,9.673480270608001,3.9509387924628437e-13,0.6472448940257853
135,-9.776034156464984e-05,-0.0217809255590867,0.9827077055059885,1.0762310330855072,8.445173441739298,2.946146948332331e-11,0.5830640774125417
102,-0.002996958211528591,-0.6106405776638245,0.5441494226500603,1.0757082766156698,7.7194956191122275,3.997237138589911e-10,0.5388397008140127
195,0.001168139935146199,0.2797927448801725,0.780768201365878,1.0754754862076645,9.072595227832897,3.1964074765973955e-12,0.6174387447741165
170,7.713334031518267e-05,0.01917255760705192,0.9847782625475725,1.0740700729660044,9.402860004676187,1.0082170754975924e-12,0.634182493542607
189,0.001796934782988756,0.3815806772549589,0.7043576434021399,1.0719195284775689,8.016885562547074,1.3671805549102575e-10,0.5575622531547337
208,0.0011934794447073518,0.3927278434637999,0.6961572162154867,1.070957772382533,12.411907728988222,4.9633028473320826e-17,0.7512867902987239
66,-0.0017975647732424503,-0.3017140636867049,0.7640969431018769,1.0704724607070748,6.328138076348548,6.258270954717433e-08,0.43983948268086903
91,-8.467830880079259e-05,-0.019352884903689183,0.9846351127882473,1.0656185207330378,8.577579267959425,1.8383494563459038e-11,0.5906076273858694
155,3.824850115417486e-05,0.00983833943285886,0.9921886524375079,1.064185818515806,9.640827010713796,4.421868253432307e-13,0.6456993522072219
120,-0.0036093932726692975,-0.7640718118639572,0.44834515384605844,1.0615814546342928,7.914850908392138,1.9744033820386036e-10,0.5512335727272404
171,-0.0022396279558791333,-0.4373301218899914,0.6637183350433922,1.0610835913877092,7.297473927480872,1.8455782533130697e-09,0.5108060343833983
153,-0.002316170277879891,-0.5874041864726187,0.5595240897553602,1.0587223787875584,9.456666825032112,8.363424910568934e-13,0.6368259806866345
214,-9.259575063904723e-05,-0.02406015498548167,0.9808985206822256,1.0571042005219857,9.674189818174508,3.941288002052528e-13,0.6472783863582381
52,-0.0014955090209546112,-0.2272172825171058,0.8211631760835603,1.0569235872398863,5.6556868705588395,7.065157172116942e-07,0.3854443875294665
165,-0.001629508320582302,-0.4795116222444644,0.6336246565065964,1.0506118212874789,10.888656077998323,6.5368146491499935e-15,0.6992265365964667
157,-0.0006827337636159392,-0.15065982681681017,0.8808383813727947,1.0505602794514384,8.165005877970948,8.028738721199383e-11,0.5665746481514231
244,-0.0015329425649502492,-0.5546104455847117,0.5815853400552835,1.0492470814936032,13.369937387908776,2.6853004709141507e-18,0.7780246354264491
207,-0.0012260175544346434,-0.3151441896047022,0.7539380571537788,1.047648693131451,9.48457190556618,7.591743416869611e-13,0.638187799913143
110,-0.005097808427699791,-1.0410032222982235,0.30278403797204023,1.0444964123331832,7.512162217987985,8.467901887101616e-10,0.5252836761866051
209,-0.0028336029963273272,-0.9533010833258694,0.34493415259171756,1.0442271568256587,12.37301413568079,5.601166716727759e-17,0.7501120561258776
203,0.0010835978852906576,0.2972873664614994,0.7674546907885322,1.0434977871885256,10.082988677385332,9.724112132006175e-14,0.6659388515033122
226,0.001253442962231569,0.3639545840414669,0.7173964796723566,1.0427503429692733,10.66381005880735,1.3775253177539196e-14,0.6903777509265108
23,-0.003925437375182204,-0.790205491599375,0.4330668029448821,1.0389662337339007,7.36618913522319,1.4380140731926816e-09,0.5154888817154465
63,-0.004842212773790048,-0.9455364073608559,0.34884349885347565,1.0381247813674435,7.139591882956007,3.275844803806793e-09,0.49987139955574533
188,-0.0013476032992693246,-0.4120591506781416,0.6820229391995605,1.032347423236738,11.117645391031955,3.079639320294263e-15,0.7079071912321604
74,-0.005624022447208871,-1.0315969964169183,0.3071283884911012,1.0299378042329321,6.653703820392227,1.9182451200363606e-08,0.46468930329195035
163,-0.0015792094658874953,-0.38365399763325153,0.7028296859256339,1.0294680440707997,8.808506954119776,8.105243634425408e-12,0.6033899883355562
72,-0.0007659427791435071,-0.15882979774509998,0.874430269225216,1.0289612313245318,7.514915655955149,8.383800583660773e-10,0.5254664360223518
130,-0.00351767222970452,-0.8318013475598601,0.40939896506095363,1.0266352352889523,8.550073676683839,2.0273358841045925e-11,0.589053546398105
92,-0.0011513213463492222,-0.18489238549230388,0.8540467519364311,1.0258540886304195,5.802264261667404,4.1787721154349935e-07,0.39763497717170415
159,-0.0020352226726141516,-0.4507465971853291,0.6540827776380744,1.0235711855568406,7.984137698015604,1.5382317613256277e-10,0.5555418239509675
112,-0.0056552040993421175,-1.166929879548699,0.24866610590156393,1.020192326997441,7.414262731879257,1.2077723251059825e-09,0.5187375834894987
147,0.0018562164582211285,0.4114932682794496,0.6824350921322913,1.0196773686698113,7.961343058699426,1.669839596608012e-10,0.5541294821188905
238,0.0017407860136209926,0.4536566728549419,0.6520005333173593,1.0194738633883826,9.357233194320825,1.1816514282873871e-12,0.631922596955764
93,-0.004779363012456728,-0.9039208573751687,0.3702874436755669,1.0187125190663393,6.785806551026342,1.186402215440386e-08,0.4744823603610331
202,-0.004523539561729309,-1.0972640714552473,0.27767985117856964,1.0164588413926874,8.683843859267963,1.2604033870134383e-11,0.596548174311287
169,0.0006023778714982491,0.16845953955775803,0.866888092439289,1.0144800951529922,9.992164429114231,1.3248257388431163e-13,0.6619009057589605
158,-0.0018795804852261388,-0.547361763210728,0.5865176866217404,1.012638528502995,10.386217615410004,3.4875946355125436e-14,0.6789899212266897
98,-0.0012636618674030388,-0.22623144697371983,0.821925677052669,1.011588723191023,6.378455270865777,5.214155296051426e-08,0.4437457433036168
95,-0.0029270428737338916,-0.7438199536696292,0.4603987079262337,1.011348825059458,9.051679269071107,3.4400144839164235e-12,0.6163477895648759
160,-0.003689380255285479,-0.9295698483959418,0.3569730026744877,1.0029696827116459,8.900324825501734,5.860559391646743e-12,0.6083424050687009
234,0.00022879427892467905,0.07499608335936804,0.9405112329746393,1.0015155376074374,11.56220209140741,7.28096579374317e-16,0.7238534081118038
128,-0.0030331104073023727,-0.8181127677801512,0.417098900469707,1.0009366945750184,9.508696904254105,6.982703993920653e-13,0.6393601404152894
101,-0.004079120713072322,-0.7773330367906304,0.4405532601861716,0.9996721928827758,6.709460833565384,1.5661755455080398e-08,0.46884331027174175
172,-0.006705214911653898,-1.5045376267224058,0.1386113007520456,0.9986748532870047,7.892305861970727,2.141606307267239e-10,0.5498218823362184
89,-0.0032884598235051504,-0.8119792530174991,0.4205773907997439,0.9978840252404267,8.67804513691419,1.2865992934392663e-11,0.5962265946971791
201,-0.0066764795571672255,-1.4161654302699407,0.1628059577715894,0.9975922233196552,7.452619734279732,1.0508668373024764e-09,0.5213134748439457
225,-0.0008858533665922728,-0.2995582762655436,0.7657315894825975,0.9969998021062756,11.87419008802741,2.686693319011009e-16,0.7343700059438961
73,-0.0014123369325812355,-0.23908862614680368,0.8119950727947928,0.9928634388799471,5.919698133370072,2.739511773469817e-07,0.40727190892365794
6,-0.002899788772921072,-0.37404373609828967,0.7099223961739382,0.9887593799994252,4.491962073385024,4.067050257807282e-05,0.28348368481173625
246,-0.00032430854154200475,-0.07842413644026967,0.9377975703306275,0.9875513191057027,8.41086134449967,3.329934426815182e-11,0.5810833283179813
228,0.0014723853557147067,0.3796689055486426,0.705767635388118,0.98081118807917,8.907552573664399,5.713050350793351e-12,0.6087291539223281
218,-0.002286236059071427,-0.6384319860332035,0.5260491957280808,0.9806827662080404,9.645206999412114,4.3555479009743324e-13,0.6459071470905439
229,0.0013950018247458405,0.4032221718424739,0.6884703102715397,0.9767174928353868,9.943242625761055,1.5655857965322002e-13,0.6597007043073766
40,-0.005207628875967043,-0.8763430769881613,0.3849527127476424,0.9673299154271375,5.733214553037817,5.353148885149372e-07,0.3919142415413407
125,-0.002096783193127891,-0.39352568498665524,0.6955716691333125,0.9659586038279349,6.385097214503911,5.089988304635061e-08,0.4442595998519182
231,-0.004973364355555914,-1.602693782260973,0.11517851873378915,0.9650355459831591,10.952998472246014,5.2872732749131e-15,0.7016988697399471
211,-0.0005303094586051437,-0.1653998214775013,0.8692831980468045,0.963050283831144,10.578986644001644,1.8278365833302104e-14,0.6869532393065494
215,-0.00439819515308274,-1.4112224817228278,0.1642506085351989,0.9607697283808665,10.857497646672904,7.245432615295555e-15,0.698019818512542
242,0.0002715166970504615,0.0865092757575937,0.9314003399321407,0.9545553203499694,10.711657526289176,1.1748423217301014e-14,0.6922883978350916
152,-0.0026873050446714316,-0.5475502791047132,0.5863891589584458,0.9473947214171222,6.798724454077646,1.1319377275815542e-08,0.475430902207332
54,-0.007845015049672043,-1.2792965115233776,0.20658256881427356,0.9463469491682115,5.4352216946093135,1.5493752615913924e-06,0.3667871271473253
235,-0.0016449970177473032,-0.4465611558365172,0.6570824466992953,0.9455997418024907,9.04091977030983,3.572535080633657e-12,0.6157851442846856
96,-0.0039076423884423575,-0.7358853021448939,0.46517170675409836,0.9455898654914401,6.271733094522758,7.678167815919954e-08,0.43543249573776677
162,-0.003627032462591263,-1.0783707222818322,0.2859424399796806,0.9445742723187917,9.891045509844254,1.8714712021077912e-13,0.6573335554026651
199,-0.0037835678030983455,-1.094655037828572,0.27881078879824933,0.9445127141973217,9.624385485043096,4.680046463488502e-13,0.6449180008963422
222,-0.0034143929589857238,-1.3235242490694294,0.19156371163913974,0.9252847252914036,12.63232339732434,2.5107269715852534e-17,0.7578066910280705
142,-0.007616810521103478,-1.9076219102517906,0.06207859063782552,0.9232793803703958,8.144074325357442,8.655194660942398e-11,0.5653135434184198
220,-0.003916148404526599,-1.142299568393272,0.25866413267750465,0.9229337076870484,9.481582346998144,7.670857756072543e-13,0.6380422012747429
64,-0.005070053143049558,-0.8546455184196476,0.3967444103799197,0.9166348408457365,5.442009689478887,1.5125044093295144e-06,0.36736707803874324
174,-0.004785343993321571,-2.3814610166028687,0.021014258809076775,0.913324769090219,16.008291802950406,1.567698918149564e-21,0.8340197141308744
204,-0.007873914623677569,-2.056657007635627,0.044852248053782226,0.9101292214986011,8.372664109675236,3.816686975723369e-11,0.5788656772056213
193,-0.005836304641152604,-1.5740056656705805,0.12166993192969545,0.9084616438063099,8.629077630018012,1.5308616222279166e-11,0.5934991126547335
173,-0.010066951243255677,-2.5495657575333275,0.013834876337426213,0.8981391130025362,8.01126881070095,1.3950977339119582e-10,0.5572164394205716
237,-0.00010790675050535915,-0.03281377257476053,0.973951182808132,0.8918341781597795,9.55170945123923,6.016455829618827e-13,0.6414388513231115
241,-0.00758889812292066,-2.114406844643908,0.03938931621189785,0.8714078844361485,8.551075883864993,2.0201180721820244e-11,0.5891102908154087
217,-0.0046992050681450405,-2.021077407242356,0.04853600425359508,0.854115016742746,12.937916661539896,9.861319406878303e-18,0.7664724897303741
143,-0.007815500506231783,-1.7431075913803105,0.08734141904400358,0.8325559844892442,6.539887652133442,2.9012809609943702e-08,0.45611678551918666
236,-0.005000734631961342,-1.3589896890049729,0.18012970888277746,0.8078716132597928,7.732396988827116,3.8150707318870525e-10,0.5396694923416677
233,-0.006462010791776683,-2.5169070015563673,0.01502506072313258,0.7802118598499549,10.702900293554068,1.2095420439079003e-14,0.6919398316551428
240,-0.012424080209051386,-2.750083236864489,0.008223634898850689,0.6375299405183058,4.970174306038489,7.931436103648988e-06,0.3263114078522943
