Markettype,date,equal_weighted_return,value_weighted_return
10,Feb-16,-0.089847,-0.079504
10,Mar-16,-0.068298,-0.079673
10,Apr-16,0.010362,-0.001571
5,Apr-16,0.028881,0.009149
15,Apr-16,0.028108,0.009086
21,Apr-16,0.03296,0.011426
31,Apr-16,0.032174,0.011356
37,Apr-16,0.028881,0.009149
47,Apr-16,0.028108,0.009086
53,Apr-16,0.03296,0.011426
63,Apr-16,0.032174,0.011356
53,May-16,-0.087952,-0.072768
63,May-16,-0.086155,-0.072554
47,May-16,-0.083526,-0.070129
37,May-16,-0.085583,-0.070352
31,May-16,-0.086155,-0.072554
21,May-16,-0.087952,-0.072768
15,May-16,-0.083526,-0.070129
5,May-16,-0.085583,-0.070352
10,May-16,-0.036049,-0.029835
10,Jun-16,0.026729,0.014692
5,Jun-16,0.045608,0.019427
15,Jun-16,0.044834,0.0194
21,Jun-16,0.047935,0.022856
31,Jun-16,0.047209,0.022813
37,Jun-16,0.045608,0.019427
47,Jun-16,0.044834,0.0194
63,Jun-16,0.047209,0.022813
53,Jun-16,0.047935,0.022856
53,Aug-16,0.069923,0.048425
47,Aug-16,0.065176,0.045373
63,Aug-16,0.068334,0.048301
37,Aug-16,0.066961,0.045494
31,Aug-16,0.068334,0.048301
21,Aug-16,0.069923,0.048425
15,Aug-16,0.065176,0.045373
5,Aug-16,0.066961,0.045494
10,Aug-16,0.023729,0.024134
10,Sep-16,-0.038057,-0.033609
5,Sep-16,-0.056033,-0.042909
15,Sep-16,-0.055289,-0.042857
21,Sep-16,-0.063351,-0.048807
31,Sep-16,-0.062479,-0.048731
37,Sep-16,-0.056033,-0.042909
47,Sep-16,-0.055289,-0.042857
63,Sep-16,-0.062479,-0.048731
53,Sep-16,-0.063351,-0.048807
53,Oct-16,-0.022608,0.015878
63,Oct-16,-0.021888,0.015769
47,Oct-16,-0.01066,0.02483
37,Oct-16,-0.011038,0.025005
31,Oct-16,-0.021888,0.015769
21,Oct-16,-0.022608,0.015878
15,Oct-16,-0.01066,0.02483
5,Oct-16,-0.011038,0.025005
10,Oct-16,-0.002039,-0.00441
10,Nov-16,-0.016366,-0.02985
5,Nov-16,-0.014776,-0.023148
15,Nov-16,-0.014841,-0.023183
21,Nov-16,-0.008424,-0.019662
31,Nov-16,-0.008695,-0.019712
37,Nov-16,-0.014776,-0.023148
47,Nov-16,-0.014841,-0.023183
63,Nov-16,-0.008695,-0.019712
53,Nov-16,-0.008424,-0.019662
63,Dec-16,0.103862,0.073799
53,Dec-16,0.105535,0.07389
47,Dec-16,0.09461,0.066791
37,Dec-16,0.096238,0.066853
31,Dec-16,0.103862,0.073799
21,Dec-16,0.105535,0.07389
15,Dec-16,0.09461,0.066791
5,Dec-16,0.096238,0.066853
10,Dec-16,0.056306,0.054964
5,2016-13,0.03151,0.015963
15,2016-13,0.030901,0.01595
21,2016-13,0.032518,0.017416
31,2016-13,0.031978,0.017398
37,2016-13,0.03151,0.015963
47,2016-13,0.030901,0.01595
53,2016-13,0.032518,0.017416
63,2016-13,0.031978,0.017398
63,2016-14,0.014693,0.010463
53,2016-14,0.01494,0.010488
47,2016-14,0.013909,0.010805
37,2016-14,0.014174,0.010834
31,2016-14,0.014693,0.010463
21,2016-14,0.01494,0.010488
15,2016-14,0.013909,0.010805
5,2016-14,0.014174,0.010834
5,2016-15,0.011097,-0.003753
15,2016-15,0.010553,-0.003752
21,2016-15,0.013357,-0.001541
31,2016-15,0.012827,-0.001551
37,2016-15,0.011097,-0.003753
47,2016-15,0.010553,-0.003752
53,2016-15,0.013357,-0.001541
63,2016-15,0.012827,-0.001551
63,2016-16,0.049009,0.034841
53,2016-16,0.050008,0.034899
47,2016-16,0.048185,0.03433
37,2016-16,0.049358,0.034392
31,2016-16,0.049009,0.034841
21,2016-16,0.050008,0.034899
15,2016-16,0.048185,0.03433
5,2016-16,0.049358,0.034392
5,2016-17,-0.058617,-0.04644
15,2016-17,-0.05752,-0.046374
21,2016-17,-0.062172,-0.049673
31,2016-17,-0.061134,-0.049597
37,2016-17,-0.058617,-0.04644
47,2016-17,-0.05752,-0.046374
53,2016-17,-0.062172,-0.049673
63,2016-17,-0.061134,-0.049597
63,2016-18,0.005463,-0.002208
53,2016-18,0.005736,-0.002219
47,2016-18,0.004025,-0.003338
37,2016-18,0.004293,-0.003357
31,2016-18,0.005463,-0.002208
21,2016-18,0.005736,-0.002219
15,2016-18,0.004025,-0.003338
5,2016-18,0.004293,-0.003357
5,2016-19,-0.004328,-0.00666
15,2016-19,-0.004587,-0.00671
21,2016-19,-0.001486,-0.005336
31,2016-19,-0.001796,-0.005387
37,2016-19,-0.004328,-0.00666
47,2016-19,-0.004587,-0.00671
53,2016-19,-0.001486,-0.005336
63,2016-19,-0.001796,-0.005387
63,2016-20,-0.060902,-0.039552
53,2016-20,-0.060956,-0.039472
47,2016-20,-0.059267,-0.036717
37,2016-20,-0.059265,-0.036614
21,2016-20,-0.060956,-0.039472
31,2016-20,-0.060902,-0.039552
15,2016-20,-0.059267,-0.036717
5,2016-20,-0.059265,-0.036614
5,2016-21,0.001533,0.001402
15,2016-21,0.000334,0.001203
31,2016-21,0.004418,0.003206
21,2016-21,0.005551,0.003396
37,2016-21,0.001533,0.001402
47,2016-21,0.000334,0.001203
53,2016-21,0.005551,0.003396
63,2016-21,0.004418,0.003206
63,2016-22,0.012808,0.002602
53,2016-22,0.01276,0.002566
37,2016-22,0.010031,0.000738
47,2016-22,0.010198,0.000788
5,2016-22,0.010031,0.000738
15,2016-22,0.010198,0.000788
21,2016-22,0.01276,0.002566
31,2016-22,0.012808,0.002602
37,2016-27,0.041423,0.033026
53,2016-27,0.043655,0.034389
47,2016-27,0.040943,0.033012
63,2016-27,0.043184,0.03437
21,2016-27,0.043655,0.034389
5,2016-27,0.041423,0.033026
15,2016-27,0.040943,0.033012
31,2016-27,0.043184,0.03437
5,2016-28,0.036536,0.025415
15,2016-28,0.03547,0.025335
21,2016-28,0.035131,0.024886
31,2016-28,0.034289,0.024817
37,2016-28,0.036536,0.025415
47,2016-28,0.03547,0.025335
63,2016-28,0.034289,0.024817
53,2016-28,0.035131,0.024886
10,2016-28,0.008686,0.009551
10,2016-29,0.010734,0.01384
5,2016-29,0.01793,0.022892
31,2016-29,0.014679,0.020469
21,2016-29,0.014811,0.020499
15,2016-29,0.017649,0.022846
53,2016-29,0.014811,0.020499
47,2016-29,0.017649,0.022846
37,2016-29,0.01793,0.022892
63,2016-29,0.014679,0.020469
47,2016-30,-0.005501,-0.011831
37,2016-30,-0.00599,-0.011911
53,2016-30,-0.005528,-0.011583
63,2016-30,-0.005136,-0.011514
15,2016-30,-0.005501,-0.011831
21,2016-30,-0.005528,-0.011583
31,2016-30,-0.005136,-0.011514
5,2016-30,-0.00599,-0.011911
10,2016-30,0.006644,0.003704
10,2016-31,-0.014592,-0.015258
5,2016-31,-0.034075,-0.019893
31,2016-31,-0.038643,-0.024601
21,2016-31,-0.039475,-0.024646
15,2016-31,-0.033292,-0.019868
53,2016-31,-0.039475,-0.024646
63,2016-31,-0.038643,-0.024601
37,2016-31,-0.034075,-0.019893
47,2016-31,-0.033292,-0.019868
37,2016-32,0.001967,-0.000203
47,2016-32,0.002046,-0.000165
53,2016-32,0.001969,-0.000245
63,2016-32,0.002035,-0.000211
15,2016-32,0.002046,-0.000165
21,2016-32,0.001969,-0.000245
31,2016-32,0.002035,-0.000211
5,2016-32,0.001967,-0.000203
10,2016-32,0.003951,0.007006
10,2016-33,0.007853,0.009352
5,2016-33,0.018044,0.024074
31,2016-33,0.017953,0.022859
21,2016-33,0.018296,0.022923
15,2016-33,0.01764,0.023996
63,2016-33,0.017953,0.022859
53,2016-33,0.018296,0.022923
47,2016-33,0.01764,0.023996
37,2016-33,0.018044,0.024074
47,2016-34,0.0383,0.026481
37,2016-34,0.039027,0.026524
53,2016-34,0.042344,0.028911
63,2016-34,0.041631,0.028861
15,2016-34,0.0383,0.026481
21,2016-34,0.042344,0.028911
31,2016-34,0.041631,0.028861
5,2016-34,0.039027,0.026524
10,2016-34,0.020737,0.018135
10,2016-35,-0.003722,-0.003961
5,2016-35,-0.007083,-0.012291
31,2016-35,-0.004317,-0.010806
21,2016-35,-0.004338,-0.010837
15,2016-35,-0.006949,-0.012248
63,2016-35,-0.004317,-0.010806
53,2016-35,-0.004338,-0.010837
47,2016-35,-0.006949,-0.012248
37,2016-35,-0.007083,-0.012291
37,2016-36,-0.002784,-0.00277
47,2016-36,-0.002754,-0.002748
53,2016-36,-0.002153,-0.003294
63,2016-36,-0.00215,-0.003272
15,2016-36,-0.002754,-0.002748
21,2016-36,-0.002153,-0.003294
31,2016-36,-0.00215,-0.003272
5,2016-36,-0.002784,-0.00277
10,2016-36,-0.00205,0.00149
10,2016-37,0.011053,0.013936
5,2016-37,0.021322,0.008111
31,2016-37,0.020919,0.008638
21,2016-37,0.021254,0.008613
15,2016-37,0.020915,0.008142
63,2016-37,0.020919,0.008638
53,2016-37,0.021254,0.008613
47,2016-37,0.020915,0.008142
37,2016-37,0.021322,0.008111
10,2016-38,-0.01008,-0.012007
10,2016-39,0.006065,0.009809
10,2016-13,0.016355,0.013357
10,2016-14,0.007609,0.005314
10,2016-15,-0.002302,-0.00362
10,2016-16,0.020347,0.022662
10,2016-17,-0.031691,-0.033798
10,2016-18,-0.002293,0.000041
10,2016-19,-0.010826,-0.016095
10,2016-20,-0.059323,-0.056323
10,2016-21,-0.028232,-0.034859
10,2016-22,0.014185,0.010268
10,2016-23,0.047036,0.046968
10,2016-24,-0.00104,0.00041
10,2016-25,-0.016342,-0.019333
10,2016-26,0.000561,-0.003845
10,2016-27,0.029109,0.030319
10,2016-40,-0.001083,0.002577
37,2016-40,-0.00678,-0.007896
47,2016-40,-0.006557,-0.007841
53,2016-40,-0.006364,-0.008032
63,2016-40,-0.006193,-0.007981
63,2016-42,0.034506,0.024073
53,2016-42,0.0355,0.024163
37,2016-42,0.032584,0.022708
47,2016-42,0.031494,0.022616
10,2016-42,0.004893,0.005386
31,2016-42,0.034506,0.024073
21,2016-42,0.0355,0.024163
21,2016-43,0.009681,0.007378
31,2016-43,0.008053,0.007154
10,2016-43,-0.039986,-0.039861
47,2016-43,0.006748,0.007563
37,2016-43,0.008678,0.007815
53,2016-43,0.009681,0.007378
63,2016-43,0.008053,0.007154
63,2016-44,0.005357,0.002856
53,2016-44,0.005187,0.002813
37,2016-44,0.004627,0.003321
47,2016-44,0.004856,0.003366
10,2016-44,0.010357,0.012479
31,2016-44,0.005357,0.002856
21,2016-44,0.005187,0.002813
21,2016-45,0.017416,0.007952
31,2016-45,0.016931,0.007926
10,2016-45,0.002611,0.002055
47,2016-45,0.015799,0.008273
37,2016-45,0.016344,0.008305
53,2016-45,0.017416,0.007952
63,2016-45,0.016931,0.007926
63,2016-46,0.028825,0.022577
53,2016-46,0.029097,0.022592
37,2016-46,0.029019,0.023251
47,2016-46,0.028692,0.023231
10,2016-46,0.020786,0.019207
31,2016-46,0.028825,0.022577
21,2016-46,0.029097,0.022592
5,2016-46,0.029019,0.023251
15,2016-46,0.028692,0.023231
15,2016-47,0.005276,0.00017
5,2016-47,0.005643,0.000221
31,2016-47,0.006736,0.00086
21,2016-47,0.007085,0.000909
10,2016-47,-0.003585,-0.010189
47,2016-47,0.005276,0.00017
37,2016-47,0.005643,0.000221
53,2016-47,0.007085,0.000909
63,2016-47,0.006736,0.00086
63,2016-48,0.009858,0.017275
53,2016-48,0.010228,0.017344
37,2016-48,0.008751,0.018158
47,2016-48,0.00836,0.018077
10,2016-48,-0.001063,0.001718
21,2016-48,0.010228,0.017344
31,2016-48,0.009858,0.017275
5,2016-48,0.008751,0.018158
15,2016-48,0.00836,0.018077
15,2016-49,-0.023867,-0.011104
5,2016-49,-0.02431,-0.011107
31,2016-49,-0.024951,-0.012682
21,2016-49,-0.025349,-0.012692
10,2016-49,-0.013267,-0.010387
47,2016-49,-0.023867,-0.011104
37,2016-49,-0.02431,-0.011107
53,2016-49,-0.025349,-0.012692
63,2016-49,-0.024951,-0.012682
63,2016-50,0.002353,-0.004605
53,2016-50,0.002365,-0.004646
37,2016-50,0.004115,-0.003715
47,2016-50,0.00403,-0.003673
10,2016-50,0.001988,0.004921
21,2016-50,0.002365,-0.004646
31,2016-50,0.002353,-0.004605
5,2016-50,0.004115,-0.003715
15,2016-50,0.00403,-0.003673
15,2016-51,-0.025582,-0.035008
5,2016-51,-0.026134,-0.035088
31,2016-51,-0.030179,-0.036707
21,2016-51,-0.030784,-0.036786
10,2016-51,-0.012081,-0.018537
47,2016-51,-0.025582,-0.035008
37,2016-51,-0.026134,-0.035088
53,2016-51,-0.030784,-0.036786
63,2016-51,-0.030179,-0.036707
63,2016-52,-0.003512,-0.006367
53,2016-52,-0.003299,-0.006339
47,2016-52,-0.00221,-0.005403
37,2016-52,-0.001896,-0.005367
10,2016-52,-0.009745,-0.012412
21,2016-52,-0.003299,-0.006339
31,2016-52,-0.003512,-0.006367
5,2016-52,-0.001896,-0.005367
15,2016-52,-0.00221,-0.005403
15,2016-53,0.003509,-0.00174
5,2016-53,0.003524,-0.001755
31,2016-53,0.004399,-0.001415
21,2016-53,0.004441,-0.001427
10,2016-53,0.003161,0.001203
47,2016-53,0.003509,-0.00174
37,2016-53,0.003524,-0.001755
53,2016-53,0.004441,-0.001427
63,2016-53,0.004399,-0.001415
63,Jan-17,0.016283,0.01429
53,Jan-17,0.016611,0.014333
47,Jan-17,0.017906,0.015527
37,Jan-17,0.018377,0.01558
15,Jan-17,0.017906,0.015527
21,Jan-17,0.016611,0.014333
31,Jan-17,0.016283,0.01429
10,Jan-17,0.006545,0.005126
5,Jan-17,0.018377,0.01558
5,Feb-17,-0.032801,-0.019939
10,Feb-17,-0.021139,-0.015405
31,Feb-17,-0.034596,-0.02264
21,Feb-17,-0.035047,-0.022672
15,Feb-17,-0.032339,-0.019917
37,Feb-17,-0.032801,-0.019939
47,Feb-17,-0.032339,-0.019917
53,Feb-17,-0.035047,-0.022672
63,Feb-17,-0.034596,-0.02264
63,Mar-17,-0.01734,-0.005217
63,Feb-16,-0.148328,-0.12537
63,Mar-16,-0.115754,-0.096835
53,Mar-17,-0.017416,-0.005184
53,Feb-16,-0.150439,-0.125596
53,Mar-16,-0.117466,-0.096925
37,Feb-16,-0.144784,-0.119717
47,Mar-17,-0.015958,-0.003358
47,Feb-16,-0.142479,-0.119498
47,Mar-16,-0.117974,-0.097053
37,Mar-17,-0.015996,-0.003311
37,Mar-16,-0.120143,-0.097153
15,Mar-17,-0.015958,-0.003358
21,Mar-17,-0.017416,-0.005184
31,Mar-17,-0.01734,-0.005217
10,Mar-17,-0.015046,-0.012497
5,Mar-17,-0.015996,-0.003311
5,Feb-16,-0.144784,-0.119717
5,Mar-16,-0.120143,-0.097153
21,Feb-16,-0.150439,-0.125596
21,Mar-16,-0.117466,-0.096925
15,Feb-16,-0.142479,-0.119498
15,Mar-16,-0.117974,-0.097053
31,Feb-16,-0.148328,-0.12537
31,Mar-16,-0.115754,-0.096835
5,Apr-17,0.018515,0.014718
10,Apr-17,0.009781,0.015342
31,Apr-17,0.019576,0.014853
21,Apr-17,0.019901,0.014851
15,Apr-17,0.018171,0.014721
37,Apr-17,0.018515,0.014718
47,Apr-17,0.018171,0.014721
53,Apr-17,0.019901,0.014851
63,Apr-17,0.019576,0.014853
63,May-17,-0.002674,-0.00532
53,May-17,-0.002529,-0.005298
47,May-17,-0.002449,-0.00537
37,May-17,-0.002261,-0.005347
15,May-17,-0.002449,-0.00537
21,May-17,-0.002529,-0.005298
31,May-17,-0.002674,-0.00532
10,May-17,-0.007069,-0.010201
5,May-17,-0.002261,-0.005347
10,Jun-17,0.010644,0.015379
5,Jun-17,0.032313,0.020967
15,Jun-17,0.031476,0.02094
31,Jun-17,0.032752,0.021201
21,Jun-17,0.033471,0.021226
37,Jun-17,0.032313,0.020967
47,Jun-17,0.031476,0.02094
53,Jun-17,0.033471,0.021226
63,Jun-17,0.032752,0.021201
63,Jul-17,0.001658,0.000369
53,Jul-17,0.001658,0.000326
47,Jul-17,0.001972,0.001231
37,Jul-17,0.001985,0.001188
21,Jul-17,0.001658,0.000326
31,Jul-17,0.001658,0.000369
15,Jul-17,0.001972,0.001231
5,Jul-17,0.001985,0.001188
10,Jul-17,0.001654,0.010112
10,Aug-17,0.012729,0.017134
5,Aug-17,0.027676,0.021601
15,Aug-17,0.027113,0.02158
31,Aug-17,0.031082,0.023155
21,Aug-17,0.031662,0.023181
37,Aug-17,0.027676,0.021601
47,Aug-17,0.027113,0.02158
53,Aug-17,0.031662,0.023181
63,Aug-17,0.031082,0.023155
63,Sep-17,0.000171,-0.005438
53,Sep-17,0.000193,-0.005464
47,Sep-17,-0.00252,-0.006526
37,Sep-17,-0.002598,-0.00656
21,Sep-17,0.000193,-0.005464
31,Sep-17,0.000171,-0.005438
15,Sep-17,-0.00252,-0.006526
5,Sep-17,-0.002598,-0.00656
10,Sep-17,-0.000532,0.000538
10,Oct-17,-0.005629,-0.005369
5,Oct-17,0.005169,0.000246
15,Oct-17,0.004758,0.000219
31,Oct-17,0.007773,0.001912
21,Oct-17,0.0082,0.001944
47,Oct-17,0.004758,0.000219
37,Oct-17,0.005169,0.000246
53,Oct-17,0.0082,0.001944
63,Oct-17,0.007773,0.001912
63,Nov-17,0.012925,0.008754
53,Nov-17,0.013163,0.008756
37,Nov-17,0.011599,0.008181
47,Nov-17,0.011365,0.008181
21,Nov-17,0.013163,0.008756
31,Nov-17,0.012925,0.008754
15,Nov-17,0.011365,0.008181
5,Nov-17,0.011599,0.008181
10,Nov-17,0.005422,0.008313
10,Dec-17,-0.018228,-0.012965
5,Dec-17,0.010602,0.010357
15,Dec-17,0.009513,0.010246
31,Dec-17,0.010738,0.010496
21,Dec-17,0.011656,0.010597
47,Dec-17,0.009513,0.010246
37,Dec-17,0.010602,0.010357
53,Dec-17,0.011656,0.010597
63,Dec-17,0.010738,0.010496
63,2017-13,-0.035182,-0.020945
53,2017-13,-0.03566,-0.020967
37,2017-13,-0.031572,-0.01807
47,2017-13,-0.031138,-0.01806
21,2017-13,-0.03566,-0.020967
31,2017-13,-0.035182,-0.020945
15,2017-13,-0.031138,-0.01806
5,2017-13,-0.031572,-0.01807
10,2017-13,-0.020152,-0.015901
10,2017-14,0.021301,0.020017
5,2017-14,0.026668,0.021939
15,2017-14,0.026465,0.02193
31,2017-14,0.026682,0.022058
21,2017-14,0.026852,0.022067
47,2017-14,0.026465,0.02193
37,2017-14,0.026668,0.021939
53,2017-14,0.026852,0.022067
63,2017-14,0.026682,0.022058
63,2017-15,-0.024426,-0.016046
53,2017-15,-0.024839,-0.016071
37,2017-15,-0.021256,-0.013463
47,2017-15,-0.020881,-0.013448
21,2017-15,-0.024839,-0.016071
31,2017-15,-0.024426,-0.016046
15,2017-15,-0.020881,-0.013448
5,2017-15,-0.021256,-0.013463
10,2017-15,-0.011228,-0.010222
10,2017-16,-0.014518,-0.011499
5,2017-16,-0.047962,-0.026306
15,2017-16,-0.046707,-0.026237
31,2017-16,-0.048393,-0.028138
21,2017-16,-0.049459,-0.028209
47,2017-16,-0.046707,-0.026237
37,2017-16,-0.047962,-0.026306
53,2017-16,-0.049459,-0.028209
63,2017-16,-0.048393,-0.028138
63,2017-17,-0.005273,-0.006098
53,2017-17,-0.004997,-0.006068
37,2017-17,-0.010351,-0.008052
47,2017-17,-0.01049,-0.008076
21,2017-17,-0.004997,-0.006068
31,2017-17,-0.005273,-0.006098
15,2017-17,-0.01049,-0.008076
5,2017-17,-0.010351,-0.008052
10,2017-17,-0.014046,-0.013062
10,2017-18,-0.013166,-0.018938
5,2017-18,-0.01783,-0.017728
15,2017-18,-0.017656,-0.017734
31,2017-18,-0.016431,-0.017534
21,2017-18,-0.016534,-0.017528
47,2017-18,-0.017656,-0.017734
37,2017-18,-0.01783,-0.017728
53,2017-18,-0.016534,-0.017528
63,2017-18,-0.016431,-0.017534
63,2017-19,-0.035929,-0.016106
53,2017-19,-0.036291,-0.016092
37,2017-19,-0.039198,-0.014702
47,2017-19,-0.038642,-0.014724
21,2017-19,-0.036291,-0.016092
31,2017-19,-0.035929,-0.016106
15,2017-19,-0.038642,-0.014724
5,2017-19,-0.039198,-0.014702
10,2017-19,-0.024399,-0.019305
10,2017-20,0.00884,0.011386
5,2017-20,0.021283,0.008827
15,2017-20,0.020816,0.008839
31,2017-20,0.023055,0.010276
21,2017-20,0.023504,0.010271
37,2017-20,0.021283,0.008827
47,2017-20,0.020816,0.008839
53,2017-20,0.023504,0.010271
63,2017-20,0.023055,0.010276
63,2016-24,0.004308,-0.000448
63,2017-21,-0.038934,-0.006308
63,2016-23,0.066719,0.053485
63,2016-25,-0.005204,-0.011755
53,2016-24,0.004491,-0.000452
53,2016-23,0.0674,0.053516
53,2016-25,-0.004821,-0.011719
47,2016-26,-0.004179,-0.005779
53,2016-26,0.000363,-0.003975
47,2016-24,0.003141,-0.000631
47,2016-25,-0.006383,-0.011796
53,2017-21,-0.03938,-0.006285
37,2016-24,0.003314,-0.000637
37,2016-23,0.062064,0.049994
37,2017-21,-0.036355,-0.002438
37,2016-25,-0.005969,-0.011756
37,2016-26,-0.004374,-0.005789
47,2016-23,0.061461,0.049978
47,2017-21,-0.035919,-0.002482
21,2017-21,-0.03938,-0.006285
31,2017-21,-0.038934,-0.006308
15,2017-21,-0.035919,-0.002482
5,2017-21,-0.036355,-0.002438
10,2017-21,-0.024705,-0.011684
31,2016-23,0.066719,0.053485
31,2016-24,0.004308,-0.000448
31,2016-25,-0.005204,-0.011755
31,2016-26,0.000369,-0.003975
21,2016-23,0.0674,0.053516
21,2016-24,0.004491,-0.000452
21,2016-25,-0.004821,-0.011719
21,2016-26,0.000363,-0.003975
15,2016-23,0.061461,0.049978
15,2016-24,0.003141,-0.000631
15,2016-25,-0.006383,-0.011796
15,2016-26,-0.004179,-0.005779
5,2016-23,0.062064,0.049994
5,2016-24,0.003314,-0.000637
5,2016-25,-0.005969,-0.011756
5,2016-26,-0.004374,-0.005789
63,2016-26,0.000369,-0.003975
5,2016-38,-0.025712,-0.02612
5,2016-39,0.020646,0.01386
5,2016-40,-0.00678,-0.007896
5,2016-42,0.032584,0.022708
5,2016-43,0.008678,0.007815
5,2016-44,0.004627,0.003321
5,2016-45,0.016344,0.008305
10,2017-22,-0.012177,-0.011417
21,2016-38,-0.025988,-0.026434
21,2016-39,0.020559,0.013383
21,2016-40,-0.006364,-0.008032
31,2016-38,-0.025463,-0.026366
31,2016-39,0.020088,0.013366
31,2016-40,-0.006193,-0.007981
15,2016-38,-0.025089,-0.026046
15,2016-39,0.020072,0.013839
15,2016-40,-0.006557,-0.007841
15,2016-42,0.031494,0.022616
15,2016-43,0.006748,0.007563
15,2016-44,0.004856,0.003366
15,2016-45,0.015799,0.008273
5,2017-22,-0.017039,-0.004494
15,2017-22,-0.016859,-0.004527
31,2017-22,-0.018925,-0.006049
21,2017-22,-0.019136,-0.006026
47,2016-38,-0.025089,-0.026046
47,2016-39,0.020072,0.013839
47,2017-22,-0.016859,-0.004527
37,2016-39,0.020646,0.01386
37,2016-38,-0.025712,-0.02612
37,2017-22,-0.017039,-0.004494
53,2017-22,-0.019136,-0.006026
53,2016-39,0.020559,0.013383
63,2016-39,0.020088,0.013366
53,2016-38,-0.025988,-0.026434
63,2016-38,-0.025463,-0.026366
63,2017-22,-0.018925,-0.006049
63,2017-23,0.0427,0.028555
53,2017-23,0.043058,0.028554
37,2017-23,0.041421,0.027302
47,2017-23,0.041041,0.027309
21,2017-23,0.043058,0.028554
31,2017-23,0.0427,0.028555
15,2017-23,0.041041,0.027309
5,2017-23,0.041421,0.027302
10,2017-23,0.031177,0.028833
10,2017-24,0.004193,0.002397
5,2017-24,0.010131,-0.004397
15,2017-24,0.009914,-0.004366
31,2017-24,0.011261,-0.002824
21,2017-24,0.011477,-0.002846
47,2017-24,0.009914,-0.004366
37,2017-24,0.010131,-0.004397
53,2017-24,0.011477,-0.002846
63,2017-24,0.011261,-0.002824
63,2017-25,-0.008574,0.008668
53,2017-25,-0.008953,0.008687
47,2017-25,-0.006299,0.010877
37,2017-25,-0.006684,0.010908
21,2017-25,-0.008953,0.008687
31,2017-25,-0.008574,0.008668
15,2017-25,-0.006299,0.010877
5,2017-25,-0.006684,0.010908
10,2017-25,0.003768,0.00432
10,2017-26,0.01455,0.016759
5,2017-26,0.018026,0.014294
15,2017-26,0.017901,0.014305
31,2017-26,0.01645,0.013785
21,2017-26,0.016508,0.013773
47,2017-26,0.017901,0.014305
37,2017-26,0.018026,0.014294
53,2017-26,0.016508,0.013773
63,2017-26,0.01645,0.013785
63,2017-27,0.025525,0.010872
53,2017-27,0.025977,0.010863
37,2017-27,0.023654,0.009466
47,2017-27,0.023181,0.009483
15,2017-27,0.023181,0.009483
31,2017-27,0.025525,0.010872
5,2017-27,0.023654,0.009466
21,2017-27,0.025977,0.010863
10,2017-27,0.010771,0.013192
10,2017-28,0.000157,0.0026
21,2017-28,-0.027401,-0.002973
5,2017-28,-0.020637,0.002221
31,2017-28,-0.026585,-0.00295
15,2017-28,-0.019875,0.002223
37,2017-28,-0.020637,0.002221
53,2017-28,-0.027401,-0.002973
47,2017-28,-0.019875,0.002223
63,2017-28,-0.026585,-0.00295
63,2017-29,-0.03067,-0.004314
53,2017-29,-0.031422,-0.004344
47,2017-29,-0.021142,0.000251
37,2017-29,-0.021718,0.000239
15,2017-29,-0.021142,0.000251
31,2017-29,-0.03067,-0.004314
5,2017-29,-0.021718,0.000239
21,2017-29,-0.031422,-0.004344
10,2017-29,-0.005993,0.002946
10,2017-30,0.015556,0.011586
21,2017-30,0.020866,0.009019
5,2017-30,0.016296,0.006612
31,2017-30,0.020709,0.00903
15,2017-30,0.016269,0.006635
37,2017-30,0.016296,0.006612
47,2017-30,0.016269,0.006635
53,2017-30,0.020866,0.009019
63,2017-30,0.020709,0.00903
63,2017-31,-0.000356,-0.000226
53,2017-31,-0.000443,-0.000219
47,2017-31,0.001111,0.000455
37,2017-31,0.001057,0.000465
15,2017-31,0.001111,0.000455
31,2017-31,-0.000356,-0.000226
5,2017-31,0.001057,0.000465
21,2017-31,-0.000443,-0.000219
10,2017-31,0.002548,-0.001888
10,2017-32,-0.009997,-0.009427
21,2017-32,-0.010599,-0.013693
5,2017-32,-0.013319,-0.015456
31,2017-32,-0.010581,-0.013675
15,2017-32,-0.0132,-0.015428
37,2017-32,-0.013319,-0.015456
47,2017-32,-0.0132,-0.015428
53,2017-32,-0.010599,-0.013693
63,2017-32,-0.010581,-0.013675
63,2017-33,0.037874,0.026118
53,2017-33,0.038549,0.026167
47,2017-33,0.033479,0.023837
37,2017-33,0.034157,0.023881
15,2017-33,0.033479,0.023837
31,2017-33,0.037874,0.026118
5,2017-33,0.034157,0.023881
21,2017-33,0.038549,0.026167
10,2017-33,0.015588,0.014191
10,2017-34,-0.012155,-0.006531
21,2017-34,0.009054,0.014257
5,2017-34,0.00732,0.01503
31,2017-34,0.008408,0.014169
15,2017-34,0.006583,0.01493
37,2017-34,0.00732,0.01503
47,2017-34,0.006583,0.01493
53,2017-34,0.009054,0.014257
63,2017-34,0.008408,0.014169
63,2017-35,0.032124,0.017725
53,2017-35,0.032938,0.017746
47,2017-35,0.028369,0.015575
37,2017-35,0.029242,0.015588
15,2017-35,0.028369,0.015575
31,2017-35,0.032124,0.017725
5,2017-35,0.029242,0.015588
21,2017-35,0.032938,0.017746
10,2017-35,0.005841,0.01256
10,2017-36,0.024239,0.032861
21,2017-36,0.010794,0.004367
5,2017-36,0.00715,0.002551
31,2017-36,0.011196,0.004481
15,2017-36,0.007786,0.002684
37,2017-36,0.00715,0.002551
47,2017-36,0.007786,0.002684
53,2017-36,0.010794,0.004367
63,2017-36,0.011196,0.004481
63,2017-37,0.006496,0.001252
53,2017-37,0.00637,0.001244
47,2017-37,0.007759,0.00143
37,2017-37,0.007651,0.001423
15,2017-37,0.007759,0.00143
31,2017-37,0.006496,0.001252
5,2017-37,0.007651,0.001423
21,2017-37,0.00637,0.001244
10,2017-37,0.010562,0.003083
10,2017-38,-0.000097,0.007593
21,2017-38,0.002457,0.000456
5,2017-38,-0.001349,-0.00015
31,2017-38,0.002381,0.000485
15,2017-38,-0.001303,-0.000115
37,2017-38,-0.001349,-0.00015
47,2017-38,-0.001303,-0.000115
53,2017-38,0.002457,0.000456
63,2017-38,0.002381,0.000485
53,2017-39,-0.001403,-0.000063
47,2017-39,-0.001966,-0.000213
63,2017-39,-0.001144,-0.00002
37,2017-39,-0.002323,-0.000261
15,2017-39,-0.001966,-0.000213
31,2017-39,-0.001144,-0.00002
5,2017-39,-0.002323,-0.000261
21,2017-39,-0.001403,-0.000063
10,2017-39,0.007387,0.010405
10,2017-41,0.00606,-0.002034
21,2017-41,0.025974,0.018686
5,2017-41,0.024549,0.017738
31,2017-41,0.025387,0.018599
15,2017-41,0.023871,0.017647
37,2017-41,0.024549,0.017738
47,2017-41,0.023871,0.017647
63,2017-41,0.025387,0.018599
53,2017-41,0.025974,0.018686
53,2017-42,-0.027422,-0.009703
47,2017-42,-0.024339,-0.007491
37,2017-42,-0.024734,-0.007441
15,2017-42,-0.024339,-0.007491
31,2017-42,-0.027025,-0.00974
5,2017-42,-0.024734,-0.007441
21,2017-42,-0.027422,-0.009703
10,2017-42,-0.013966,-0.0187
63,2017-42,-0.027025,-0.00974
10,2017-43,0.000686,0.004954
21,2017-43,0.009476,0.012349
5,2017-43,0.009047,0.012649
31,2017-43,0.009221,0.012319
15,2017-43,0.008745,0.012615
37,2017-43,0.009047,0.012649
53,2017-43,0.009476,0.012349
47,2017-43,0.008745,0.012615
63,2017-43,0.009221,0.012319
63,2017-44,-0.032565,-0.017855
53,2017-44,-0.032956,-0.017869
47,2017-44,-0.032689,-0.017018
37,2017-44,-0.033184,-0.017029
15,2017-44,-0.032689,-0.017018
31,2017-44,-0.032565,-0.017855
5,2017-44,-0.033184,-0.017029
21,2017-44,-0.032956,-0.017869
10,2017-44,-0.01939,-0.014489
10,2017-45,0.019588,0.025585
21,2017-45,0.030438,0.025379
5,2017-45,0.028022,0.023968
31,2017-45,0.030129,0.02538
15,2017-45,0.027724,0.023975
47,2017-45,0.027724,0.023975
37,2017-45,0.028022,0.023968
53,2017-45,0.030438,0.025379
63,2017-45,0.030129,0.02538
53,2017-46,-0.056838,-0.026348
63,2017-46,-0.056215,-0.026384
47,2017-46,-0.052501,-0.023154
37,2017-46,-0.053148,-0.023099
15,2017-46,-0.052501,-0.023154
31,2017-46,-0.056215,-0.026384
5,2017-46,-0.053148,-0.023099
21,2017-46,-0.056838,-0.026348
10,2017-46,-0.034864,-0.035467
10,2017-47,-0.012852,-0.005294
21,2017-47,-0.020203,-0.01182
5,2017-47,-0.019751,-0.009838
31,2017-47,-0.019997,-0.011794
15,2017-47,-0.01951,-0.009818
37,2017-47,-0.019751,-0.009838
47,2017-47,-0.01951,-0.009818
63,2017-47,-0.019997,-0.011794
53,2017-47,-0.020203,-0.01182
53,2017-48,0.008283,-0.007885
63,2017-48,0.007698,-0.007893
47,2017-48,0.006985,-0.009617
37,2017-48,0.007695,-0.009615
15,2017-48,0.006985,-0.009617
31,2017-48,0.007698,-0.007893
5,2017-48,0.007695,-0.009615
21,2017-48,0.008283,-0.007885
10,2017-48,-0.012768,-0.010001
10,2017-49,-0.019438,-0.014976
21,2017-49,-0.023195,-0.010665
5,2017-49,-0.022862,-0.010178
31,2017-49,-0.023091,-0.010682
15,2017-49,-0.022743,-0.010198
37,2017-49,-0.022862,-0.010178
47,2017-49,-0.022743,-0.010198
63,2017-49,-0.023091,-0.010682
53,2017-49,-0.023195,-0.010665
53,2017-50,0.005236,-0.002214
63,2017-50,0.005121,-0.002186
47,2017-50,0.004418,-0.002675
37,2017-50,0.004538,-0.002707
15,2017-50,0.004418,-0.002675
31,2017-50,0.005121,-0.002186
5,2017-50,0.004538,-0.002707
21,2017-50,0.005236,-0.002214
10,2017-50,0.001079,0.004877
10,2017-51,0.003898,0.006125
21,2017-51,-0.010375,0.006565
5,2017-51,-0.008529,0.008403
31,2017-51,-0.00998,0.006564
15,2017-51,-0.008099,0.008393
37,2017-51,-0.008529,0.008403
47,2017-51,-0.008099,0.008393
63,2017-51,-0.00998,0.006564
53,2017-51,-0.010375,0.006565
47,2017-52,0.006018,0.002259
53,2017-52,0.005415,0.001546
63,2017-52,0.005492,0.001597
37,2017-52,0.005939,0.002206
15,2017-52,0.006018,0.002259
31,2017-52,0.005492,0.001597
5,2017-52,0.005939,0.002206
21,2017-52,0.005415,0.001546
10,2017-52,0.008217,0.014808
10,Jan-18,0.017668,0.018124
47,Jan-18,0.023238,0.02605
37,Jan-18,0.023435,0.026084
63,Jan-18,0.02136,0.025365
53,Jan-18,0.021464,0.025393
53,Feb-18,-0.002613,0.00856
63,Feb-18,-0.002727,0.008537
37,Feb-18,-0.002028,0.010032
5,Feb-18,-0.002028,0.010032
15,Feb-18,-0.002191,0.01
21,Feb-18,-0.002613,0.00856
47,Feb-18,-0.002191,0.01
10,Feb-18,-0.006827,0.002396
31,Feb-18,-0.002727,0.008537
5,Mar-18,-0.015242,0.007317
15,Mar-18,-0.014899,0.007301
21,Mar-18,-0.0158,0.004503
10,Mar-18,-0.004911,0.003318
47,Mar-18,-0.014899,0.007301
31,Mar-18,-0.01551,0.004499
37,Mar-18,-0.015242,0.007317
63,Mar-18,-0.01551,0.004499
53,Mar-18,-0.0158,0.004503
53,Apr-18,0.010396,0.019404
63,Apr-18,0.009945,0.019359
31,Apr-18,0.009945,0.019359
37,Apr-18,0.008602,0.018904
47,Apr-18,0.008098,0.018856
10,Apr-18,-0.0065,0.007133
21,Apr-18,0.010396,0.019404
15,Apr-18,0.008098,0.018856
5,Apr-18,0.008602,0.018904
5,May-18,-0.082377,-0.039703
15,May-18,-0.081062,-0.039637
21,May-18,-0.086955,-0.044271
10,May-18,-0.042961,-0.022829
47,May-18,-0.081062,-0.039637
31,May-18,-0.085783,-0.044194
37,May-18,-0.082377,-0.039703
63,May-18,-0.085783,-0.044194
53,May-18,-0.086955,-0.044271
47,Jun-18,-0.080743,-0.095798
53,Jun-18,-0.0795,-0.094035
63,Jun-18,-0.079153,-0.093967
31,Jun-18,-0.079153,-0.093967
37,Jun-18,-0.081234,-0.095879
10,Jun-18,-0.066891,-0.075614
21,Jun-18,-0.0795,-0.094035
15,Jun-18,-0.080743,-0.095798
5,Jun-18,-0.081234,-0.095879
5,Jul-18,0.03177,0.029236
15,Jul-18,0.031659,0.029252
21,Jul-18,0.030278,0.029221
10,Jul-18,0.028529,0.033125
47,Jul-18,0.031659,0.029252
31,Jul-18,0.03023,0.029235
37,Jul-18,0.03177,0.029236
63,Jul-18,0.03023,0.029235
53,Jul-18,0.030278,0.029221
53,Aug-18,0.023814,0.026643
63,Aug-18,0.023425,0.026592
37,Aug-18,0.024171,0.027318
31,Aug-18,0.023425,0.026592
47,Aug-18,0.023671,0.027259
10,Aug-18,0.009683,0.013078
21,Aug-18,0.023814,0.026643
15,Aug-18,0.023671,0.027259
5,Aug-18,0.024171,0.027318
5,Sep-18,0.032901,0.000336
15,Sep-18,0.032134,0.000318
21,Sep-18,0.039601,0.005729
10,Sep-18,0.010662,-0.004105
47,Sep-18,0.032134,0.000318
31,Sep-18,0.038803,0.005692
37,Sep-18,0.032901,0.000336
63,Sep-18,0.038803,0.005692
53,Sep-18,0.039601,0.005729
53,Oct-18,0.043316,0.025376
63,Oct-18,0.042507,0.025316
31,Oct-18,0.042507,0.025316
37,Oct-18,0.036704,0.022074
47,Oct-18,0.035919,0.022023
10,Oct-18,0.013959,0.009278
21,Oct-18,0.043316,0.025376
15,Oct-18,0.035919,0.022023
5,Oct-18,0.036704,0.022074
5,Nov-18,-0.007102,-0.011599
15,Nov-18,-0.006716,-0.011548
21,Nov-18,-0.009521,-0.012159
10,Nov-18,0.004129,0.001307
47,Nov-18,-0.006716,-0.011548
37,Nov-18,-0.007102,-0.011599
31,Nov-18,-0.009146,-0.01211
53,Nov-18,-0.009521,-0.012159
63,Nov-18,-0.009146,-0.01211
53,Dec-18,-0.050567,-0.044369
63,Dec-18,-0.050094,-0.044348
31,Dec-18,-0.050094,-0.044348
37,Dec-18,-0.05045,-0.043529
47,Dec-18,-0.049862,-0.04351
10,Dec-18,-0.033292,-0.038608
21,Dec-18,-0.050567,-0.044369
15,Dec-18,-0.049862,-0.04351
5,Dec-18,-0.05045,-0.043529
5,2018-13,0.053074,0.016114
15,2018-13,0.052179,0.016129
21,2018-13,0.066687,0.024318
10,2018-13,0.027019,0.019814
37,2018-13,0.053074,0.016114
31,2018-13,0.0656,0.024301
63,2018-13,0.0656,0.024301
53,2018-13,0.066687,0.024318
47,2018-13,0.052179,0.016129
53,2018-14,-0.006966,-0.012292
63,2018-14,-0.006793,-0.012271
31,2018-14,-0.006793,-0.012271
37,2018-14,-0.007301,-0.011748
47,2018-14,-0.007073,-0.011727
10,2018-14,-0.00073,-0.006351
21,2018-14,-0.006966,-0.012292
15,2018-14,-0.007073,-0.011727
5,2018-14,-0.007301,-0.011748
5,2018-15,0.005693,0.0069
15,2018-15,0.005185,0.006875
21,2018-15,0.006053,0.006331
10,2018-15,-0.008794,0.000608
47,2018-15,0.005185,0.006875
31,2018-15,0.005638,0.00631
37,2018-15,0.005693,0.0069
63,2018-15,0.005638,0.00631
53,2018-15,0.006053,0.006331
53,2018-16,-0.040415,-0.03005
63,2018-16,-0.040197,-0.030073
37,2018-16,-0.040001,-0.029936
31,2018-16,-0.040197,-0.030073
47,2018-16,-0.039743,-0.029962
10,2018-16,-0.032626,-0.036507
21,2018-16,-0.040415,-0.03005
15,2018-16,-0.039743,-0.029962
5,2018-16,-0.040001,-0.029936
5,2018-17,-0.000737,0.000876
15,2018-17,-0.00106,0.00086
21,2018-17,0.002527,0.002048
10,2018-17,-0.009887,-0.002994
47,2018-17,-0.00106,0.00086
31,2018-17,0.002177,0.00203
37,2018-17,-0.000737,0.000876
63,2018-17,0.002177,0.00203
53,2018-17,0.002527,0.002048
53,2018-18,0.004487,0.005137
63,2018-18,0.004161,0.005085
37,2018-18,0.005233,0.005477
31,2018-18,0.004161,0.005085
47,2018-18,0.004797,0.005417
10,2018-18,-0.007375,-0.009499
21,2018-18,0.004487,0.005137
15,2018-18,0.004797,0.005417
5,2018-18,0.005233,0.005477
5,2018-19,0.023272,0.02417
15,2018-19,0.023014,0.024169
21,2018-19,0.023614,0.023481
10,2018-19,0.015782,0.024029
47,2018-19,0.023014,0.024169
31,2018-19,0.023399,0.023483
37,2018-19,0.023272,0.02417
63,2018-19,0.023399,0.023483
53,2018-19,0.023614,0.023481
53,2018-20,0.005018,0.0075
63,2018-20,0.004816,0.007472
37,2018-20,0.005808,0.008373
31,2018-20,0.004816,0.007472
47,2018-20,0.005528,0.008338
10,2018-20,-0.002448,-0.000648
21,2018-20,0.005018,0.0075
15,2018-20,0.005528,0.008338
5,2018-20,0.005808,0.008373
5,2018-21,-0.000824,-0.014189
15,2018-21,-0.001005,-0.014165
21,2018-21,0.000967,-0.012717
10,2018-21,-0.006181,-0.007919
47,2018-21,-0.001005,-0.014165
31,2018-21,0.000774,-0.012701
37,2018-21,-0.000824,-0.014189
63,2018-21,0.000774,-0.012701
53,2018-21,0.000967,-0.012717
53,2018-22,-0.049256,-0.027592
63,2018-22,-0.048852,-0.027592
37,2018-22,-0.044633,-0.023981
31,2018-22,-0.048852,-0.027592
47,2018-22,-0.044281,-0.023995
10,2018-22,-0.034217,-0.027741
21,2018-22,-0.049256,-0.027592
15,2018-22,-0.044281,-0.023995
5,2018-22,-0.044633,-0.023981
5,2018-23,-0.004662,0.000832
15,2018-23,-0.004343,0.000912
21,2018-23,-0.002047,0.001471
10,2018-23,0.004894,0.021762
47,2018-23,-0.004343,0.000912
31,2018-23,-0.001862,0.001541
37,2018-23,-0.004662,0.000832
63,2018-23,-0.001862,0.001541
53,2018-23,-0.002047,0.001471
53,2018-24,-0.046872,-0.021598
63,2018-24,-0.04604,-0.021555
31,2018-24,-0.04604,-0.021555
37,2018-24,-0.044055,-0.018273
47,2018-24,-0.043103,-0.018238
10,2018-24,-0.015664,-0.009167
21,2018-24,-0.046872,-0.021598
15,2018-24,-0.043103,-0.018238
5,2018-24,-0.044055,-0.018273
5,2018-25,-0.075289,-0.049402
15,2018-25,-0.074742,-0.049384
21,2018-25,-0.075519,-0.050198
10,2018-25,-0.058932,-0.044702
37,2018-25,-0.075289,-0.049402
47,2018-25,-0.074742,-0.049384
31,2018-25,-0.075078,-0.050179
53,2018-25,-0.075519,-0.050198
63,2018-25,-0.075078,-0.050179
53,2018-26,0.023605,-0.005315
63,2018-26,0.023423,-0.005269
31,2018-26,0.023423,-0.005269
37,2018-26,0.016585,-0.010278
47,2018-26,0.01659,-0.010207
10,2018-26,0.016731,0.007716
21,2018-26,0.023605,-0.005315
15,2018-26,0.01659,-0.010207
5,2018-26,0.016585,-0.010278
5,2018-27,-0.041839,-0.040429
10,2018-27,-0.021531,-0.02287
15,2018-27,-0.041164,-0.040357
21,2018-27,-0.040468,-0.040036
5,Jan-18,0.023435,0.026084
47,2018-27,-0.041164,-0.040357
37,2018-27,-0.041839,-0.040429
31,Jan-18,0.02136,0.025365
21,Jan-18,0.021464,0.025393
15,Jan-18,0.023238,0.02605
31,2018-27,-0.039968,-0.039972
63,2018-27,-0.039968,-0.039972
53,2018-27,-0.040468,-0.040036
53,2018-28,0.03736,0.041786
47,2018-28,0.034929,0.039955
63,2018-28,0.036742,0.041711
31,2018-28,0.036742,0.041711
37,2018-28,0.035648,0.04003
21,2018-28,0.03736,0.041786
15,2018-28,0.034929,0.039955
10,2018-28,0.014133,0.022111
5,2018-28,0.035648,0.04003
5,2018-29,0.00046,-0.00089
10,2018-29,-0.009222,-0.007038
15,2018-29,0.000135,-0.000916
21,2018-29,-0.001543,-0.001673
37,2018-29,0.00046,-0.00089
47,2018-29,0.000135,-0.000916
31,2018-29,-0.001748,-0.001693
63,2018-29,-0.001748,-0.001693
53,2018-29,-0.001543,-0.001673
53,2018-30,0.020935,0.01177
63,2018-30,0.020955,0.011794
31,2018-30,0.020955,0.011794
37,2018-30,0.026827,0.015201
47,2018-30,0.026655,0.015213
21,2018-30,0.020935,0.01177
15,2018-30,0.026655,0.015213
10,2018-30,0.021715,0.018159
5,2018-30,0.026827,0.015201
5,2018-31,-0.063347,-0.055513
10,2018-31,-0.035516,-0.03801
15,2018-31,-0.062417,-0.05544
21,2018-31,-0.067967,-0.057973
37,2018-31,-0.063347,-0.055513
47,2018-31,-0.062417,-0.05544
31,2018-31,-0.067104,-0.057898
63,2018-31,-0.067104,-0.057898
53,2018-31,-0.067967,-0.057973
53,2018-32,0.018876,0.021107
63,2018-32,0.018699,0.021076
31,2018-32,0.018699,0.021076
37,2018-32,0.017923,0.020987
47,2018-32,0.017732,0.020953
21,2018-32,0.018876,0.021107
15,2018-32,0.017732,0.020953
10,2018-32,0.01221,0.01309
5,2018-32,0.017923,0.020987
5,2018-33,-0.044963,-0.047379
10,2018-33,-0.029498,-0.030715
15,2018-33,-0.044444,-0.047309
21,2018-33,-0.045121,-0.047669
47,2018-33,-0.044444,-0.047309
37,2018-33,-0.044963,-0.047379
31,2018-33,-0.044703,-0.047604
63,2018-33,-0.044703,-0.047604
53,2018-33,-0.045121,-0.047669
53,2018-34,0.008602,0.019607
47,2018-34,0.007485,0.020146
63,2018-34,0.008647,0.019571
31,2018-34,0.008647,0.019571
37,2018-34,0.007388,0.020188
21,2018-34,0.008602,0.019607
15,2018-34,0.007485,0.020146
10,2018-34,0.010283,0.010345
5,2018-34,0.007388,0.020188
5,2018-35,-0.010208,-0.002223
10,2018-35,-0.00623,-0.001322
15,2018-35,-0.010076,-0.002219
21,2018-35,-0.011258,-0.00331
47,2018-35,-0.010076,-0.002219
31,2018-35,-0.011124,-0.003303
37,2018-35,-0.010208,-0.002223
63,2018-35,-0.011124,-0.003303
53,2018-35,-0.011258,-0.00331
53,2018-36,-0.002372,-0.00979
63,2018-36,-0.002549,-0.009798
37,2018-36,-0.003633,-0.010364
31,2018-36,-0.002549,-0.009798
47,2018-36,-0.003812,-0.010371
21,2018-36,-0.002372,-0.00979
15,2018-36,-0.003812,-0.010371
10,2018-36,-0.00902,-0.011937
5,2018-36,-0.003633,-0.010364
5,2018-37,-0.01627,-0.011069
10,2018-37,-0.01081,-0.021767
15,2018-37,-0.016091,-0.011112
21,2018-37,-0.017534,-0.012883
47,2018-37,-0.016091,-0.011112
31,2018-37,-0.017358,-0.012916
37,2018-37,-0.01627,-0.011069
63,2018-37,-0.017358,-0.012916
53,2018-37,-0.017534,-0.012883
53,2018-38,0.022127,0.039865
63,2018-38,0.022021,0.039818
37,2018-38,0.022547,0.041505
31,2018-38,0.022021,0.039818
47,2018-38,0.022401,0.041446
21,2018-38,0.022127,0.039865
15,2018-38,0.022401,0.041446
10,2018-38,0.018037,0.027028
5,2018-38,0.022547,0.041505
5,2018-39,-0.006215,0.004663
10,2018-39,-0.000586,0.005399
15,2018-39,-0.006029,0.004666
21,2018-39,-0.007817,0.003988
47,2018-39,-0.006029,0.004666
31,2018-39,-0.007626,0.003993
37,2018-39,-0.006215,0.004663
63,2018-39,-0.007626,0.003993
53,2018-39,-0.007817,0.003988
53,2018-41,-0.107269,-0.087746
63,2018-41,-0.106497,-0.087667
31,2018-41,-0.106497,-0.087667
37,2018-41,-0.106387,-0.085415
47,2018-41,-0.105449,-0.085337
21,2018-41,-0.107269,-0.087746
15,2018-41,-0.105449,-0.085337
10,2018-41,-0.078149,-0.0661
5,2018-41,-0.106387,-0.085415
5,2018-42,-0.038074,-0.024428
10,2018-42,-0.061121,-0.047499
15,2018-42,-0.038846,-0.024523
21,2018-42,-0.03342,-0.023495
47,2018-42,-0.038846,-0.024523
37,2018-42,-0.038074,-0.024428
31,2018-42,-0.034162,-0.023586
63,2018-42,-0.034162,-0.023586
53,2018-42,-0.03342,-0.023495
53,2018-43,0.038215,0.020785
63,2018-43,0.038571,0.020848
31,2018-43,0.038571,0.020848
37,2018-43,0.042052,0.021314
47,2018-43,0.042369,0.021381
21,2018-43,0.038215,0.020785
15,2018-43,0.042369,0.021381
10,2018-43,0.051497,0.037764
5,2018-43,0.042052,0.021314
5,2018-44,0.046167,0.035009
10,2018-44,0.02513,0.025196
15,2018-44,0.045456,0.034968
21,2018-44,0.048638,0.03768
37,2018-44,0.046167,0.035009
47,2018-44,0.045456,0.034968
31,2018-44,0.048003,0.037632
53,2018-44,0.048638,0.03768
63,2018-44,0.048003,0.037632
53,2018-45,0.001843,-0.024892
63,2018-45,0.00158,-0.024877
31,2018-45,0.00158,-0.024877
37,2018-45,0.004034,-0.026309
47,2018-45,0.003631,-0.026287
21,2018-45,0.001843,-0.024892
15,2018-45,0.003631,-0.026287
10,2018-45,-0.007922,-0.020915
5,2018-45,0.004034,-0.026309
5,2018-46,0.080416,0.040352
10,2018-46,0.067066,0.04697
15,2018-46,0.079968,0.040379
21,2018-46,0.082528,0.043306
47,2018-46,0.079968,0.040379
37,2018-46,0.080416,0.040352
31,2018-46,0.082113,0.04332
63,2018-46,0.082113,0.04332
53,2018-46,0.082528,0.043306
53,2018-47,-0.055976,-0.041338
63,2018-47,-0.055944,-0.041325
31,2018-47,-0.055944,-0.041325
37,2018-47,-0.053329,-0.038961
47,2018-47,-0.053378,-0.038956
21,2018-47,-0.055976,-0.041338
15,2018-47,-0.053378,-0.038956
10,2018-47,-0.054773,-0.037781
5,2018-47,-0.053329,-0.038961
5,2018-48,-0.00228,0.001249
10,2018-48,-0.004239,-0.001391
15,2018-48,-0.002345,0.001238
21,2018-48,-0.001523,0.001951
47,2018-48,-0.002345,0.001238
37,2018-48,-0.00228,0.001249
31,2018-48,-0.001595,0.001938
63,2018-48,-0.001595,0.001938
53,2018-48,-0.001523,0.001951
53,2018-49,0.016722,0.008188
63,2018-49,0.016544,0.008172
31,2018-49,0.016544,0.008172
37,2018-49,0.015766,0.007753
47,2018-49,0.015575,0.007737
21,2018-49,0.016722,0.008188
15,2018-49,0.015575,0.007737
10,2018-49,0.010047,0.003981
5,2018-49,0.015766,0.007753
5,2018-50,-0.018286,-0.008037
10,2018-50,-0.007933,-0.004847
15,2018-50,-0.017941,-0.008024
21,2018-50,-0.019674,-0.009468
47,2018-50,-0.017941,-0.008024
31,2018-50,-0.019362,-0.009451
37,2018-50,-0.018286,-0.008037
63,2018-50,-0.019362,-0.009451
53,2018-50,-0.019674,-0.009468
53,2018-51,-0.018685,-0.030844
63,2018-51,-0.018664,-0.030822
31,2018-51,-0.018664,-0.030822
37,2018-51,-0.020033,-0.031397
47,2018-51,-0.019961,-0.031371
21,2018-51,-0.018685,-0.030844
15,2018-51,-0.019961,-0.031371
10,2018-51,-0.017881,-0.02504
5,2018-51,-0.020033,-0.031397
5,2018-52,-0.01966,-0.010346
10,2018-52,-0.00459,-0.002916
15,2018-52,-0.019163,-0.010315
21,2018-52,-0.019112,-0.010438
47,2018-52,-0.019163,-0.010315
31,2018-52,-0.01873,-0.01041
37,2018-52,-0.01966,-0.010346
63,2018-52,-0.01873,-0.01041
53,2018-52,-0.019112,-0.010438
10,Jan-19,0.01184,0.005639
37,Jan-19,0.017285,0.009155
47,Jan-19,0.017104,0.00914
5,Jan-19,0.017285,0.009155
15,Jan-19,0.017104,0.00914
21,Jan-19,0.017366,0.00878
31,Jan-19,0.017219,0.008768
53,Jan-19,0.017366,0.00878
63,Jan-19,0.017219,0.008768
31,Feb-19,0.030112,0.019898
21,Feb-19,0.030531,0.0199
15,Feb-19,0.029764,0.019654
5,Feb-19,0.030281,0.019655
10,Feb-19,0.014717,0.019402
10,Mar-19,-0.008821,0.00267
5,Mar-19,0.002104,0.014288
15,Mar-19,0.001741,0.01424
21,Mar-19,-0.000545,0.012738
31,Mar-19,-0.000765,0.0127
31,Apr-19,-0.005099,0.000971
21,Apr-19,-0.00509,0.00101
15,Apr-19,-0.005405,0.001354
5,Apr-19,-0.005403,0.001397
10,Apr-19,-0.005451,-0.00944
10,May-19,-0.015476,0.003534
5,May-19,-0.032086,0.002945
15,May-19,-0.031536,0.002947
21,May-19,-0.034169,0.000995
31,May-19,-0.033674,0.001004
31,Jul-19,0.065641,0.038407
21,Jul-19,0.066411,0.038444
15,Jul-19,0.062601,0.035255
5,Jul-19,0.063468,0.035282
10,Jul-19,0.037284,0.028242
10,Aug-19,0.040859,0.034337
5,Aug-19,0.059425,0.051049
15,Aug-19,0.05881,0.050983
21,Aug-19,0.061402,0.052401
31,Aug-19,0.060859,0.052336
31,Sep-19,0.05999,0.064833
21,Sep-19,0.060294,0.064907
15,Sep-19,0.059818,0.064297
5,Sep-19,0.060195,0.064376
10,Sep-19,0.04881,0.043653
10,Oct-19,0.013389,-0.003888
5,Oct-19,0.033962,0.001523
15,Oct-19,0.033282,0.001502
21,Oct-19,0.038969,0.005595
31,Oct-19,0.038294,0.005562
31,Nov-19,0.029061,0.019431
21,Nov-19,0.029405,0.019453
15,Nov-19,0.031833,0.019714
5,Nov-19,0.032362,0.01974
10,Nov-19,0.016368,0.012774
10,Dec-19,0.023259,0.023974
5,Dec-19,0.050297,0.031922
15,Dec-19,0.049402,0.031893
21,Dec-19,0.047573,0.031147
31,Dec-19,0.04693,0.031123
31,2019-13,-0.014924,-0.003748
21,2019-13,-0.01502,-0.003744
15,2019-13,-0.0161,-0.00366
5,2019-13,-0.016261,-0.003656
10,2019-13,-0.011393,-0.004987
10,2019-14,0.031146,0.030707
5,2019-14,0.060451,0.051597
15,2019-14,0.059479,0.05152
21,2019-14,0.059905,0.051117
31,2019-14,0.059146,0.051048
31,2019-15,-0.016283,-0.020032
21,2019-15,-0.016225,-0.020046
15,2019-15,-0.014016,-0.018485
5,2019-15,-0.013866,-0.018495
10,2019-15,-0.018412,-0.015767
10,2019-16,0.003018,0.010566
5,2019-16,0.020661,0.025194
15,2019-16,0.020078,0.025142
21,2019-16,0.022729,0.024865
31,2019-16,0.02221,0.024818
31,2019-17,-0.0709,-0.058926
21,2019-17,-0.071772,-0.059022
15,2019-17,-0.071949,-0.059735
5,2019-17,-0.073087,-0.059843
10,2019-17,-0.038607,-0.029212
10,2019-18,-0.009884,-0.00394
5,2019-18,-0.024473,-0.006785
15,2019-18,-0.02399,-0.006774
21,2019-18,-0.026259,-0.008465
31,2019-18,-0.025827,-0.00845
31,2019-19,-0.03647,-0.043496
21,2019-19,-0.03634,-0.043513
15,2019-19,-0.038417,-0.044008
5,2019-19,-0.038319,-0.044028
10,2019-19,-0.041308,-0.038513
10,2019-20,-0.029353,-0.024648
5,2019-20,-0.018752,-0.019801
15,2019-20,-0.019096,-0.019819
21,2019-20,-0.019785,-0.020573
31,2019-20,-0.020031,-0.020586
31,2019-21,-0.021519,-0.015725
21,2019-21,-0.021355,-0.015691
15,2019-21,-0.023802,-0.015216
5,2019-21,-0.023671,-0.015177
10,2019-21,-0.027721,-0.026185
10,2019-22,0.013485,0.011419
5,2019-22,0.027493,0.018352
15,2019-22,0.027041,0.018327
21,2019-22,0.029766,0.020259
31,2019-22,0.029347,0.020231
31,2019-23,-0.05173,-0.031186
21,2019-23,-0.05238,-0.031227
15,2019-23,-0.050466,-0.028893
5,2019-23,-0.051247,-0.028931
10,2019-23,-0.026846,-0.018154
10,2019-24,0.020035,0.024445
5,2019-24,0.028027,0.02314
15,2019-24,0.027768,0.023144
21,2019-24,0.028936,0.023933
31,2019-24,0.028707,0.023934
31,2019-25,0.049314,0.045961
21,2019-25,0.049831,0.045997
15,2019-25,0.044101,0.044689
5,2019-25,0.044581,0.044724
10,2019-25,0.029712,0.034775
10,2019-26,-0.008423,-0.000789
5,2019-26,-0.01404,-0.005816
15,2019-26,-0.013859,-0.005799
21,2019-26,-0.016045,-0.006483
31,2019-26,-0.01585,-0.006465
31,2019-27,0.019742,0.018479
21,2019-27,0.019947,0.018511
15,2019-27,0.019683,0.017498
5,2019-27,0.019941,0.01753
10,2019-27,0.01195,0.008268
10,2019-28,-0.021867,-0.017761
5,2019-28,-0.03279,-0.023741
15,2019-28,-0.032438,-0.023721
21,2019-28,-0.033215,-0.024715
31,2019-28,-0.032925,-0.024693
31,2019-29,-0.000241,0.000733
21,2019-29,-0.000155,0.000748
15,2019-29,-0.001188,0.000043
5,2019-29,-0.00111,0.000057
10,2019-29,-0.003571,-0.004016
10,2019-30,-0.002475,-0.002576
5,2019-30,-0.000838,0.008086
15,2019-30,-0.000891,0.00805
21,2019-30,0.000203,0.008498
31,2019-30,0.000134,0.008464
31,2019-31,-0.020703,-0.023591
21,2019-31,-0.020537,-0.023552
15,2019-31,-0.022817,-0.025161
5,2019-31,-0.022678,-0.025122
10,2019-31,-0.027004,-0.036362
10,2019-32,-0.055186,-0.051107
5,2019-32,-0.046349,-0.034698
15,2019-32,-0.046633,-0.034753
21,2019-32,-0.046369,-0.034768
31,2019-32,-0.046594,-0.034817
31,2019-33,0.024889,0.023169
21,2019-33,0.02552,0.023221
15,2019-33,0.02267,0.021471
5,2019-33,0.023396,0.021524
10,2019-33,0.000782,0.005771
10,2019-34,0.02251,0.017435
21,2019-34,0.036289,0.029842
31,2019-34,0.035937,0.029806
5,2019-34,0.034956,0.028979
15,2019-34,0.034556,0.028941
15,2019-35,-0.004016,-0.002546
5,2019-35,-0.003601,-0.002516
31,2019-35,-0.004037,-0.002127
21,2019-35,-0.00371,-0.002099
10,2019-35,-0.01654,-0.011569
10,2019-36,0.027519,0.030694
21,2019-36,0.053193,0.043173
31,2019-36,0.052539,0.043137
5,2019-36,0.049031,0.041163
15,2019-36,0.048341,0.04113
15,2019-37,0.022093,0.011233
5,2019-37,0.021989,0.01122
31,2019-37,0.024159,0.01217
21,2019-37,0.024131,0.012161
10,2019-37,0.025232,0.015403
10,2019-38,-0.012396,-0.011303
21,2019-38,-0.004974,-0.005952
31,2019-38,-0.005163,-0.005967
5,2019-38,-0.005189,-0.006506
15,2019-38,-0.00542,-0.006522
15,2019-39,-0.039197,-0.028028
5,2019-39,-0.040228,-0.028086
31,2019-39,-0.040863,-0.029525
21,2019-39,-0.041721,-0.029582
10,2019-39,-0.008024,-0.009741
10,2019-40,-0.000217,0.002313
21,2019-40,-0.010451,-0.009768
31,2019-40,-0.01019,-0.009732
5,2019-40,-0.009241,-0.009378
15,2019-40,-0.008951,-0.00934
10,2019-41,-0.002802,-0.008255
10,2019-42,-0.010767,-0.016288
10,2019-43,-0.008602,-0.002164
10,2019-44,-0.008793,-0.006018
10,2019-45,0.004448,0.010384
10,2019-46,-0.033149,-0.026544
10,2019-47,-0.001214,-0.007471
10,2019-48,-0.044606,-0.047128
10,2019-49,0.010456,0.021671
10,2019-50,0.004784,0.007771
10,2019-51,0.037798,0.030671
10,2019-52,0.004637,0.008346
37,Feb-19,0.030281,0.019655
37,Mar-19,0.002104,0.014288
37,Apr-19,-0.005403,0.001397
37,May-19,-0.032086,0.002945
37,Jul-19,0.063468,0.035282
37,Aug-19,0.059425,0.051049
37,Sep-19,0.060195,0.064376
37,Oct-19,0.033962,0.001523
37,Nov-19,0.032362,0.01974
37,Dec-19,0.050297,0.031922
37,2019-13,-0.016261,-0.003656
37,2019-14,0.060451,0.051597
37,2019-15,-0.013866,-0.018495
37,2019-16,0.020661,0.025194
37,2019-17,-0.073087,-0.059843
37,2019-18,-0.024473,-0.006785
37,2019-19,-0.038319,-0.044028
37,2019-20,-0.018752,-0.019801
37,2019-21,-0.023671,-0.015177
37,2019-22,0.027493,0.018352
37,2019-23,-0.051247,-0.028931
37,2019-24,0.028027,0.02314
37,2019-25,0.044581,0.044724
37,2019-26,-0.014034,-0.005382
37,2019-27,0.019947,0.018014
37,2019-28,-0.032796,-0.024206
37,2019-29,-0.00111,0.000057
37,2019-30,-0.000838,0.008086
37,2019-31,-0.019644,-0.022077
37,2019-32,-0.046949,-0.035724
37,2019-33,0.023393,0.021067
37,2019-34,0.033085,0.026497
37,2019-35,-0.003612,-0.002659
37,2019-36,0.048793,0.041051
37,2019-37,0.021485,0.010792
37,2019-38,-0.005241,-0.006597
37,2019-39,-0.040452,-0.028513
37,2019-40,-0.009808,-0.009963
47,Feb-19,0.029764,0.019654
47,Mar-19,0.001741,0.01424
47,Apr-19,-0.005405,0.001354
47,May-19,-0.031536,0.002947
47,Jul-19,0.062601,0.035255
47,Aug-19,0.05881,0.050983
47,Sep-19,0.059818,0.064297
47,Oct-19,0.033282,0.001502
47,Nov-19,0.031833,0.019714
47,Dec-19,0.049402,0.031893
47,2019-13,-0.0161,-0.00366
47,2019-14,0.059479,0.05152
47,2019-15,-0.014016,-0.018485
47,2019-16,0.020078,0.025142
47,2019-17,-0.071949,-0.059735
47,2019-18,-0.02399,-0.006774
47,2019-19,-0.038417,-0.044008
47,2019-20,-0.019096,-0.019819
47,2019-21,-0.023802,-0.015216
47,2019-22,0.027041,0.018327
47,2019-23,-0.050466,-0.028893
47,2019-24,0.027768,0.023144
47,2019-25,0.044101,0.044689
47,2019-26,-0.013853,-0.005366
47,2019-27,0.01969,0.01798
47,2019-28,-0.032444,-0.024184
47,2019-29,-0.001188,0.000043
47,2019-30,-0.000891,0.00805
47,2019-31,-0.019879,-0.022125
47,2019-32,-0.047211,-0.035775
47,2019-33,0.022673,0.021017
47,2019-34,0.032748,0.026468
47,2019-35,-0.004023,-0.002688
47,2019-36,0.048117,0.041018
47,2019-37,0.021603,0.010806
47,2019-38,-0.005468,-0.006612
47,2019-39,-0.039423,-0.028454
47,2019-40,-0.009503,-0.009923
53,Feb-19,0.030531,0.0199
53,Mar-19,-0.000545,0.012738
53,Apr-19,-0.00509,0.00101
53,May-19,-0.034169,0.000995
53,Jul-19,0.066411,0.038444
53,Aug-19,0.061402,0.052401
53,Sep-19,0.060294,0.064907
53,Oct-19,0.038969,0.005595
53,Nov-19,0.029405,0.019453
53,Dec-19,0.047573,0.031147
53,2019-13,-0.01502,-0.003744
53,2019-14,0.059905,0.051117
53,2019-15,-0.016225,-0.020046
53,2019-16,0.022729,0.024865
53,2019-17,-0.071772,-0.059022
53,2019-18,-0.026259,-0.008465
53,2019-19,-0.03634,-0.043513
53,2019-20,-0.019785,-0.020573
53,2019-21,-0.021355,-0.015691
53,2019-22,0.029766,0.020259
53,2019-23,-0.05238,-0.031227
53,2019-24,0.028936,0.023933
53,2019-25,0.049831,0.045997
53,2019-26,-0.016045,-0.006483
53,2019-27,0.019947,0.018511
53,2019-28,-0.033215,-0.024715
53,2019-29,-0.000155,0.000748
53,2019-30,0.000203,0.008498
53,2019-31,-0.018155,-0.020815
53,2019-32,-0.046842,-0.035692
53,2019-33,0.025501,0.022787
53,2019-34,0.034799,0.027595
53,2019-35,-0.003718,-0.002232
53,2019-36,0.052972,0.043051
53,2019-37,0.023715,0.011766
53,2019-38,-0.005017,-0.006038
53,2019-39,-0.041885,-0.02995
53,2019-40,-0.010889,-0.010289
63,Feb-19,0.030112,0.019898
63,Mar-19,-0.000765,0.0127
63,Apr-19,-0.005099,0.000971
63,May-19,-0.033674,0.001004
63,Jul-19,0.065641,0.038407
63,Aug-19,0.060859,0.052336
63,Sep-19,0.05999,0.064833
63,Oct-19,0.038294,0.005562
63,Nov-19,0.029061,0.019431
63,Dec-19,0.04693,0.031123
63,2019-13,-0.014924,-0.003748
63,2019-14,0.059146,0.051048
63,2019-15,-0.016283,-0.020032
63,2019-16,0.02221,0.024818
63,2019-17,-0.0709,-0.058926
63,2019-18,-0.025827,-0.00845
63,2019-19,-0.03647,-0.043496
63,2019-20,-0.020031,-0.020586
63,2019-21,-0.021519,-0.015725
63,2019-22,0.029347,0.020231
63,2019-23,-0.05173,-0.031186
63,2019-24,0.028707,0.023934
63,2019-25,0.049314,0.045961
63,2019-26,-0.01585,-0.006465
63,2019-27,0.019742,0.018479
63,2019-28,-0.032925,-0.024693
63,2019-29,-0.000241,0.000733
63,2019-30,0.000134,0.008464
63,2019-31,-0.018379,-0.020862
63,2019-32,-0.047054,-0.035739
63,2019-33,0.024875,0.022736
63,2019-34,0.034488,0.027566
63,2019-35,-0.004042,-0.002259
63,2019-36,0.052329,0.043016
63,2019-37,0.023754,0.011776
63,2019-38,-0.005203,-0.006053
63,2019-39,-0.04103,-0.029893
63,2019-40,-0.010619,-0.010253
5,2019-41,0.02512,0.024455
5,2019-42,-0.015834,-0.012
5,2019-43,0.005269,0.007198
5,2019-44,-0.011148,0.002129
5,2019-45,-0.000766,0.003038
5,2019-46,-0.032325,-0.025508
5,2019-47,0.010854,-0.000862
5,2019-48,-0.00459,-0.004946
5,2019-49,0.023213,0.0179
5,2019-50,0.012381,0.016046
5,2019-51,0.028698,0.017246
5,2019-52,0.001468,-0.000232
15,2019-41,0.024225,0.024348
15,2019-42,-0.015671,-0.012013
15,2019-43,0.004825,0.007168
15,2019-44,-0.011072,0.002104
15,2019-45,-0.000601,0.003061
15,2019-46,-0.032351,-0.025511
15,2019-47,0.010472,-0.000882
15,2019-48,-0.005855,-0.005075
15,2019-49,0.022809,0.017911
15,2019-50,0.012138,0.016021
15,2019-51,0.028989,0.017285
15,2019-52,0.001569,-0.000207
21,2019-41,0.026106,0.024754
21,2019-42,-0.015449,-0.012042
21,2019-43,0.007045,0.00731
21,2019-44,-0.011569,0.001918
21,2019-45,-0.000157,0.004026
21,2019-46,-0.031751,-0.025131
21,2019-47,0.011192,-0.000579
21,2019-48,-0.007247,-0.006091
21,2019-49,0.026331,0.020292
21,2019-50,0.014385,0.016576
21,2019-51,0.029662,0.017313
21,2019-52,0.001336,-0.0003
31,2019-41,0.02537,0.024656
31,2019-42,-0.01533,-0.012054
31,2019-43,0.006647,0.007283
31,2019-44,-0.011499,0.001896
31,2019-45,-0.000042,0.004043
31,2019-46,-0.031786,-0.025135
31,2019-47,0.010881,-0.000598
31,2019-48,-0.008183,-0.006204
31,2019-49,0.025933,0.020295
31,2019-50,0.014142,0.016552
31,2019-51,0.029868,0.017348
31,2019-52,0.00142,-0.000277
37,2019-41,0.02451,0.023804
37,2019-42,-0.015983,-0.012232
37,2019-43,0.005134,0.007093
37,2019-44,-0.011947,0.001507
37,2019-45,-0.00113,0.002965
37,2019-46,-0.032613,-0.025613
37,2019-47,0.009747,-0.00154
37,2019-48,-0.00442,-0.004949
37,2019-49,0.022447,0.01767
37,2019-50,0.013888,0.016988
37,2019-51,0.029429,0.01764
37,2019-52,0.001406,-0.000165
47,2019-41,0.023644,0.0237
47,2019-42,-0.015818,-0.012245
47,2019-43,0.004699,0.007064
47,2019-44,-0.011847,0.001484
47,2019-45,-0.000955,0.002987
47,2019-46,-0.03263,-0.025616
47,2019-47,0.009407,-0.001558
47,2019-48,-0.005667,-0.005077
47,2019-49,0.022074,0.017681
47,2019-50,0.013603,0.016961
47,2019-51,0.029691,0.017678
47,2019-52,0.001507,-0.00014
53,2019-41,0.025614,0.024166
53,2019-42,-0.015571,-0.01225
53,2019-43,0.006921,0.007214
53,2019-44,-0.012197,0.001362
53,2019-45,-0.000452,0.003949
53,2019-46,-0.031987,-0.02523
53,2019-47,0.010313,-0.001191
53,2019-48,-0.007073,-0.006079
53,2019-49,0.02568,0.020054
53,2019-50,0.015541,0.017413
53,2019-51,0.030223,0.017666
53,2019-52,0.00129,-0.000239
63,2019-41,0.024898,0.024071
63,2019-42,-0.01545,-0.012262
63,2019-43,0.00653,0.007188
63,2019-44,-0.012112,0.001341
63,2019-45,-0.00033,0.003967
63,2019-46,-0.032016,-0.025233
63,2019-47,0.010028,-0.001208
63,2019-48,-0.007999,-0.006191
63,2019-49,0.025304,0.020058
63,2019-50,0.015274,0.017387
63,2019-51,0.030411,0.017699
63,2019-52,0.001372,-0.000216